date,equal_weight,inverse_volatility,sharpe_weighted,robust_score_weighted,risk_capped_inverse_volatility,risk_capped
2017-07-05,0.0,0.0,0.0,0.0,0.0,0.0
2017-07-06,0.0,0.0,0.0,0.0,0.0,0.0
2017-07-07,0.0,0.0,0.0,0.0,0.0,0.0
2017-07-10,0.0,0.0,0.0,0.0,0.0,0.0
2017-07-11,0.0,0.0,0.0,0.0,0.0,0.0
2017-07-12,0.0,0.0,0.0,0.0,0.0,0.0
2017-07-13,0.0,0.0,0.0,0.0,0.0,0.0
2017-07-14,0.0,0.0,0.0,0.0,0.0,0.0
2017-07-17,0.0,0.0,0.0,0.0,0.0,0.0
2017-07-18,-0.00806087046041961,-0.00806087046041961,-0.00806087046041961,-0.00806087046041961,-0.00806087046041961,-0.00806087046041961
2017-07-19,-0.004075844228837172,-0.004075844228837172,-0.004075844228837172,-0.004075844228837172,-0.004075844228837172,-0.004075844228837172
2017-07-20,-0.0008368235244265831,-0.0008368235244265831,-0.0008368235244265831,-0.0008368235244265831,-0.0008368235244265831,-0.0008368235244265831
2017-07-21,-0.0007074233649923576,-0.0007074233649923576,-0.0007074233649923576,-0.0007074233649923576,-0.0007074233649923576,-0.0007074233649923576
2017-07-24,-0.0012209302664193782,-0.0012209302664193782,-0.0012209302664193782,-0.0012209302664193782,-0.0012209302664193782,-0.0012209302664193782
2017-07-25,0.003059596072483981,0.003059596072483981,0.003059596072483981,0.003059596072483981,0.003059596072483981,0.003059596072483981
2017-07-26,0.0033451201704954806,0.0033451201704954806,0.0033451201704954806,0.0033451201704954806,0.0033451201704954806,0.0033451201704954806
2017-07-27,-0.02075991334518385,-0.02075991334518385,-0.02075991334518385,-0.02075991334518385,-0.02075991334518385,-0.02075991334518385
2017-07-28,-0.016614458542143187,-0.016614458542143187,-0.016614458542143187,-0.016614458542143187,-0.016614458542143187,-0.016614458542143187
2017-07-31,-0.001,-0.001,-0.001,-0.001,-0.001,-0.001
2017-08-01,-0.00011827124723785072,-0.00011827124723785072,-0.00011827124723785072,-0.00011827124723785072,-0.00011827124723785072,-0.00011827124723785072
2017-08-02,0.0019648054910990104,0.0019648054910990104,0.0019648054910990104,0.0019648054910990104,0.0019648054910990104,0.0019648054910990104
2017-08-03,-0.0006925764275507474,-0.0006925764275507474,-0.0006925764275507474,-0.0006925764275507474,-0.0006925764275507474,-0.0006925764275507474
2017-08-04,-0.003600443677056315,-0.003600443677056315,-0.003600443677056315,-0.003600443677056315,-0.003600443677056315,-0.003600443677056315
2017-08-07,-0.0070051825423250265,-0.0070051825423250265,-0.0070051825423250265,-0.0070051825423250265,-0.0070051825423250265,-0.0070051825423250265
2017-08-08,0.0018400712683948868,0.0018400712683948868,0.0018400712683948868,0.0018400712683948868,0.0018400712683948868,0.0018400712683948868
2017-08-09,-0.002744213468979904,-0.002744213468979904,-0.002744213468979904,-0.002744213468979904,-0.002744213468979904,-0.002744213468979904
2017-08-10,0.004450431725979327,0.004450431725979327,0.004450431725979327,0.004450431725979327,0.004450431725979327,0.004450431725979327
2017-08-11,0.0017236190373339218,0.0017236190373339218,0.0017236190373339218,0.0017236190373339218,0.0017236190373339218,0.0017236190373339218
2017-08-14,-0.004150454597047901,-0.004150454597047901,-0.004150454597047901,-0.004150454597047901,-0.004150454597047901,-0.004150454597047901
2017-08-15,-0.0011328355727545276,-0.0011328355727545276,-0.0011328355727545276,-0.0011328355727545276,-0.0011328355727545276,-0.0011328355727545276
2017-08-16,0.0019656019915555278,0.0019656019915555278,0.0019656019915555278,0.0019656019915555278,0.0019656019915555278,0.0019656019915555278
2017-08-17,0.004784034264365205,0.004784034264365205,0.004784034264365205,0.004784034264365205,0.004784034264365205,0.004784034264365205
2017-08-18,-0.002695899409366365,-0.002695899409366365,-0.002695899409366365,-0.002695899409366365,-0.002695899409366365,-0.002695899409366365
2017-08-21,-0.003392659611894657,-0.003392659611894657,-0.003392659611894657,-0.003392659611894657,-0.003392659611894657,-0.003392659611894657
2017-08-22,-0.0016973811397998548,-0.0016973811397998548,-0.0016973811397998548,-0.0016973811397998548,-0.0016973811397998548,-0.0016973811397998548
2017-08-23,4.562140007569891e-05,4.562140007569891e-05,4.562140007569891e-05,4.562140007569891e-05,4.562140007569891e-05,4.562140007569891e-05
2017-08-24,0.00147659879613835,0.00147659879613835,0.00147659879613835,0.00147659879613835,0.00147659879613835,0.00147659879613835
2017-08-25,0.002537529297325826,0.002537529297325826,0.002537529297325826,0.002537529297325826,0.002537529297325826,0.002537529297325826
2017-08-28,-0.003186309894651837,-0.003186309894651837,-0.003186309894651837,-0.003186309894651837,-0.003186309894651837,-0.003186309894651837
2017-08-29,9.546307572757169e-05,9.546307572757169e-05,9.546307572757169e-05,9.546307572757169e-05,9.546307572757169e-05,9.546307572757169e-05
2017-08-30,-0.0017590072862057797,-0.0017590072862057797,-0.0017590072862057797,-0.0017590072862057797,-0.0017590072862057797,-0.0017590072862057797
2017-08-31,-0.002621576257023756,-0.002621576257023756,-0.002621576257023756,-0.002621576257023756,-0.002621576257023756,-0.002621576257023756
2017-09-01,-0.001070153876087121,-0.001070153876087121,-0.001070153876087121,-0.001070153876087121,-0.001070153876087121,-0.001070153876087121
2017-09-05,-0.00015176153256725114,-0.00015176153256725114,-0.00015176153256725114,-0.00015176153256725114,-0.00015176153256725114,-0.00015176153256725114
2017-09-06,-0.004083890773066608,-0.004083890773066608,-0.004083890773066608,-0.004083890773066608,-0.004083890773066608,-0.004083890773066608
2017-09-07,0.00036420467181753316,0.00036420467181753316,0.00036420467181753316,0.00036420467181753316,0.00036420467181753316,0.00036420467181753316
2017-09-08,0.0030895135003162406,0.0030895135003162406,0.0030895135003162406,0.0030895135003162406,0.0030895135003162406,0.0030895135003162406
2017-09-11,-0.004810053245271906,-0.004810053245271906,-0.004810053245271906,-0.004810053245271906,-0.004810053245271906,-0.004810053245271906
2017-09-12,-0.001,-0.001,-0.001,-0.001,-0.001,-0.001
2017-09-13,0.0,0.0,0.0,0.0,0.0,0.0
2017-09-14,0.0,0.0,0.0,0.0,0.0,0.0
2017-09-15,0.0,0.0,0.0,0.0,0.0,0.0
2017-09-18,0.0,0.0,0.0,0.0,0.0,0.0
2017-09-19,0.0,0.0,0.0,0.0,0.0,0.0
2017-09-20,0.0015564258820485416,0.0015564258820485416,0.0015564258820485416,0.0015564258820485416,0.0015564258820485416,0.0015564258820485416
2017-09-21,0.0006218197049339361,0.0006218197049339361,0.0006218197049339361,0.0006218197049339361,0.0006218197049339361,0.0006218197049339361
2017-09-22,-0.0015664191080865472,-0.0015664191080865472,-0.0015664191080865472,-0.0015664191080865472,-0.0015664191080865472,-0.0015664191080865472
2017-09-25,0.022392820035225358,0.022392820035225358,0.022392820035225358,0.022392820035225358,0.022392820035225358,0.022392820035225358
2017-09-26,-0.001,-0.001,-0.001,-0.001,-0.001,-0.001
2017-09-27,0.0,0.0,0.0,0.0,0.0,0.0
2017-09-28,0.0,0.0,0.0,0.0,0.0,0.0
2017-09-29,0.0,0.0,0.0,0.0,0.0,0.0
2017-10-02,0.0,0.0,0.0,0.0,0.0,0.0
2018-01-03,0.005333916062757172,0.005333916062757172,0.005333916062757172,0.005333916062757172,0.005333916062757172,0.005333916062757172
2018-01-04,-0.007789588381944491,-0.007789588381944491,-0.007789588381944491,-0.007789588381944491,-0.007789588381944491,-0.007789588381944491
2018-01-05,-0.013089862280444028,-0.013089862280444028,-0.013089862280444028,-0.013089862280444028,-0.013089862280444028,-0.013089862280444028
2018-01-08,0.00678008492412473,0.00678008492412473,0.00678008492412473,0.00678008492412473,0.00678008492412473,0.00678008492412473
2018-01-09,-0.010516026309031621,-0.010516026309031621,-0.010516026309031621,-0.010516026309031621,-0.010516026309031621,-0.010516026309031621
2018-01-10,-0.0010407662339700645,-0.0010407662339700645,-0.0010407662339700645,-0.0010407662339700645,-0.0010407662339700645,-0.0010407662339700645
2018-01-11,0.00545612188556887,0.00545612188556887,0.00545612188556887,0.00545612188556887,0.00545612188556887,0.00545612188556887
2018-01-12,-0.014832063225729551,-0.014832063225729551,-0.014832063225729551,-0.014832063225729551,-0.014832063225729551,-0.014832063225729551
2018-01-16,-0.0013954333026368745,-0.0013954333026368745,-0.0013954333026368745,-0.0013954333026368745,-0.0013954333026368745,-0.0013954333026368745
2018-01-17,-0.0006348478562562411,-0.0006348478562562411,-0.0006348478562562411,-0.0006348478562562411,-0.0006348478562562411,-0.0006348478562562411
2018-01-18,-0.001052204973285834,-0.001052204973285834,-0.001052204973285834,-0.001052204973285834,-0.001052204973285834,-0.001052204973285834
2018-01-19,-0.012355831912833456,-0.012355831912833456,-0.012355831912833456,-0.012355831912833456,-0.012355831912833456,-0.012355831912833456
2018-01-22,-0.0021994585908423387,-0.0021994585908423387,-0.0021994585908423387,-0.0021994585908423387,-0.0021994585908423387,-0.0021994585908423387
2018-01-23,-0.004485758442358502,-0.004485758442358502,-0.004485758442358502,-0.004485758442358502,-0.004485758442358502,-0.004485758442358502
2018-01-24,0.003993822635810236,0.003993822635810236,0.003993822635810236,0.003993822635810236,0.003993822635810236,0.003993822635810236
2018-01-25,0.012624922118442926,0.012624922118442926,0.012624922118442926,0.012624922118442926,0.012624922118442926,0.012624922118442926
2018-01-26,-0.0009825870818972846,-0.0009825870818972846,-0.0009825870818972846,-0.0009825870818972846,-0.0009825870818972846,-0.0009825870818972846
2018-01-29,0.0003307801855288237,0.0003307801855288237,0.0003307801855288237,0.0003307801855288237,0.0003307801855288237,0.0003307801855288237
2018-01-30,-0.001,-0.001,-0.001,-0.001,-0.001,-0.001
2018-01-31,0.0,0.0,0.0,0.0,0.0,0.0
2018-02-01,0.0,0.0,0.0,0.0,0.0,0.0
2018-02-02,0.0,0.0,0.0,0.0,0.0,0.0
2018-02-05,0.0,0.0,0.0,0.0,0.0,0.0
2018-02-06,0.0,0.0,0.0,0.0,0.0,0.0
2018-02-07,0.0,0.0,0.0,0.0,0.0,0.0
2018-02-08,0.0034612475314653116,0.0034612475314653116,0.0034612475314653116,0.0034612475314653116,0.0034612475314653116,0.0034612475314653116
2018-02-09,-0.0018834384727798106,-0.0018834384727798106,-0.0018834384727798106,-0.0018834384727798106,-0.0018834384727798106,-0.0018834384727798106
2018-02-12,-0.0013529336084122812,-0.0013529336084122812,-0.0013529336084122812,-0.0013529336084122812,-0.0013529336084122812,-0.0013529336084122812
2018-02-13,0.01727358446160899,0.01727358446160899,0.01727358446160899,0.01727358446160899,0.01727358446160899,0.01727358446160899
2018-02-14,0.006917094333983195,0.006917094333983195,0.006917094333983195,0.006917094333983195,0.006917094333983195,0.006917094333983195
2018-02-15,0.016674304301718637,0.016674304301718637,0.016674304301718637,0.016674304301718637,0.016674304301718637,0.016674304301718637
2018-02-16,0.0010748916237028117,0.0010748916237028117,0.0010748916237028117,0.0010748916237028117,0.0010748916237028117,0.0010748916237028117
2018-02-20,-0.00807324209796654,-0.00807324209796654,-0.00807324209796654,-0.00807324209796654,-0.00807324209796654,-0.00807324209796654
2018-02-21,-0.006263474111700492,-0.006263474111700492,-0.006263474111700492,-0.006263474111700492,-0.006263474111700492,-0.006263474111700492
2018-02-22,-0.003810355461122578,-0.003810355461122578,-0.003810355461122578,-0.003810355461122578,-0.003810355461122578,-0.003810355461122578
2018-02-23,0.007837242662891009,0.007837242662891009,0.007837242662891009,0.007837242662891009,0.007837242662891009,0.007837242662891009
2018-02-26,0.009363998607578609,0.009363998607578609,0.009363998607578609,0.009363998607578609,0.009363998607578609,0.009363998607578609
2018-02-27,-0.0012661064382897983,-0.0012661064382897983,-0.0012661064382897983,-0.0012661064382897983,-0.0012661064382897983,-0.0012661064382897983
2018-02-28,0.028729932448395723,0.028729932448395723,0.028729932448395723,0.028729932448395723,0.028729932448395723,0.028729932448395723
2018-03-01,-0.001,-0.001,-0.001,-0.001,-0.001,-0.001
2018-03-02,0.0,0.0,0.0,0.0,0.0,0.0
2018-03-05,0.0,0.0,0.0,0.0,0.0,0.0
2018-03-06,0.0,0.0,0.0,0.0,0.0,0.0
2018-03-07,0.0,0.0,0.0,0.0,0.0,0.0
2018-03-08,0.0,0.0,0.0,0.0,0.0,0.0
2018-03-09,0.0,0.0,0.0,0.0,0.0,0.0
2018-03-12,0.0,0.0,0.0,0.0,0.0,0.0
2018-03-13,0.0,0.0,0.0,0.0,0.0,0.0
2018-03-14,0.009006001509104782,0.009006001509104782,0.009006001509104782,0.009006001509104782,0.009006001509104782,0.009006001509104782
2018-03-15,-0.006817735926035267,-0.006817735926035267,-0.006817735926035267,-0.006817735926035267,-0.006817735926035267,-0.006817735926035267
2018-03-16,0.0059272570670715116,0.0059272570670715116,0.0059272570670715116,0.0059272570670715116,0.0059272570670715116,0.0059272570670715116
2018-03-19,-0.0003393413547765537,-0.0003393413547765537,-0.0003393413547765537,-0.0003393413547765537,-0.0003393413547765537,-0.0003393413547765537
2018-03-20,-0.01046370097423414,-0.01046370097423414,-0.01046370097423414,-0.01046370097423414,-0.01046370097423414,-0.01046370097423414
2018-03-21,0.011352828752939838,0.011352828752939838,0.011352828752939838,0.011352828752939838,0.011352828752939838,0.011352828752939838
2018-03-22,0.003408855283246936,0.003408855283246936,0.003408855283246936,0.003408855283246936,0.003408855283246936,0.003408855283246936
2018-03-23,-0.0035908563259268366,-0.0035908563259268366,-0.0035908563259268366,-0.0035908563259268366,-0.0035908563259268366,-0.0035908563259268366
2018-03-26,0.006799676839796072,0.006799676839796072,0.006799676839796072,0.006799676839796072,0.006799676839796072,0.006799676839796072
2018-03-27,-0.0028252369523817053,-0.0028252369523817053,-0.0028252369523817053,-0.0028252369523817053,-0.0028252369523817053,-0.0028252369523817053
2018-03-28,-0.0018544021719797416,-0.0018544021719797416,-0.0018544021719797416,-0.0018544021719797416,-0.0018544021719797416,-0.0018544021719797416
2018-03-29,-0.006289413443563991,-0.006289413443563991,-0.006289413443563991,-0.006289413443563991,-0.006289413443563991,-0.006289413443563991
2018-04-02,0.0026402860924358584,0.0026402860924358584,0.0026402860924358584,0.0026402860924358584,0.0026402860924358584,0.0026402860924358584
2018-04-03,0.004677726037711671,0.004677726037711671,0.004677726037711671,0.004677726037711671,0.004677726037711671,0.004677726037711671
2018-04-04,0.003403669455538158,0.003403669455538158,0.003403669455538158,0.003403669455538158,0.003403669455538158,0.003403669455538158
2018-07-05,-0.0029656951932026713,-0.0029656951932026713,-0.0029656951932026713,-0.0029656951932026713,-0.0029656951932026713,-0.0029656951932026713
2018-07-06,-0.000990612120916726,-0.000990612120916726,-0.000990612120916726,-0.000990612120916726,-0.000990612120916726,-0.000990612120916726
2018-07-09,0.0008496999156373289,0.0008496999156373289,0.0008496999156373289,0.0008496999156373289,0.0008496999156373289,0.0008496999156373289
2018-07-10,0.0020182792856745634,0.0020182792856745634,0.0020182792856745634,0.0020182792856745634,0.0020182792856745634,0.0020182792856745634
2018-07-11,0.0001475500506095816,0.0001475500506095816,0.0001475500506095816,0.0001475500506095816,0.0001475500506095816,0.0001475500506095816
2018-07-12,-0.00486508963943246,-0.00486508963943246,-0.00486508963943246,-0.00486508963943246,-0.00486508963943246,-0.00486508963943246
2018-07-13,-0.00411523397387851,-0.00411523397387851,-0.00411523397387851,-0.00411523397387851,-0.00411523397387851,-0.00411523397387851
2018-07-16,0.004421615689505385,0.004421615689505385,0.004421615689505385,0.004421615689505385,0.004421615689505385,0.004421615689505385
2018-07-17,-0.001,-0.001,-0.001,-0.001,-0.001,-0.001
2018-07-18,0.0,0.0,0.0,0.0,0.0,0.0
2018-07-19,0.0,0.0,0.0,0.0,0.0,0.0
2018-07-20,0.0,0.0,0.0,0.0,0.0,0.0
2018-07-23,0.0,0.0,0.0,0.0,0.0,0.0
2018-07-24,0.0,0.0,0.0,0.0,0.0,0.0
2018-07-25,0.0,0.0,0.0,0.0,0.0,0.0
2018-07-26,-0.0072847424987507415,-0.0072847424987507415,-0.0072847424987507415,-0.0072847424987507415,-0.0072847424987507415,-0.0072847424987507415
2018-07-27,-0.0009875549622731525,-0.0009875549622731525,-0.0009875549622731525,-0.0009875549622731525,-0.0009875549622731525,-0.0009875549622731525
2018-07-30,0.0015828442065232422,0.0015828442065232422,0.0015828442065232422,0.0015828442065232422,0.0015828442065232422,0.0015828442065232422
2018-07-31,0.0015198360205691467,0.0015198360205691467,0.0015198360205691467,0.0015198360205691467,0.0015198360205691467,0.0015198360205691467
2018-08-01,0.00048164152585511324,0.00048164152585511324,0.00048164152585511324,0.00048164152585511324,0.00048164152585511324,0.00048164152585511324
2018-08-02,-0.010745755906510751,-0.010745755906510751,-0.010745755906510751,-0.010745755906510751,-0.010745755906510751,-0.010745755906510751
2018-08-03,-0.002082752245009637,-0.002082752245009637,-0.002082752245009637,-0.002082752245009637,-0.002082752245009637,-0.002082752245009637
2018-08-06,-0.0013977032176321373,-0.0013977032176321373,-0.0013977032176321373,-0.0013977032176321373,-0.0013977032176321373,-0.0013977032176321373
2018-08-07,0.0010382858689713984,0.0010382858689713984,0.0010382858689713984,0.0010382858689713984,0.0010382858689713984,0.0010382858689713984
2018-08-08,0.0009453871060267759,0.0009453871060267759,0.0009453871060267759,0.0009453871060267759,0.0009453871060267759,0.0009453871060267759
2018-08-09,0.013916520263461067,0.013916520263461067,0.013916520263461067,0.013916520263461067,0.013916520263461067,0.013916520263461067
2018-08-10,-0.001,-0.001,-0.001,-0.001,-0.001,-0.001
2018-08-13,0.0,0.0,0.0,0.0,0.0,0.0
2018-08-14,-0.00914638356007506,-0.00914638356007506,-0.00914638356007506,-0.00914638356007506,-0.00914638356007506,-0.00914638356007506
2018-08-15,0.003098011336379246,0.003098011336379246,0.003098011336379246,0.003098011336379246,0.003098011336379246,0.003098011336379246
2018-08-16,0.0004224028211700455,0.0004224028211700455,0.0004224028211700455,0.0004224028211700455,0.0004224028211700455,0.0004224028211700455
2018-08-17,-0.004916534837008738,-0.004916534837008738,-0.004916534837008738,-0.004916534837008738,-0.004916534837008738,-0.004916534837008738
2018-08-20,0.002762317782122757,0.002762317782122757,0.002762317782122757,0.002762317782122757,0.002762317782122757,0.002762317782122757
2018-08-21,0.0035791089554962374,0.0035791089554962374,0.0035791089554962374,0.0035791089554962374,0.0035791089554962374,0.0035791089554962374
2018-08-22,-0.004698255796102186,-0.004698255796102186,-0.004698255796102186,-0.004698255796102186,-0.004698255796102186,-0.004698255796102186
2018-08-23,0.0025394805411038347,0.0025394805411038347,0.0025394805411038347,0.0025394805411038347,0.0025394805411038347,0.0025394805411038347
2018-08-24,-0.0006003108148451686,-0.0006003108148451686,-0.0006003108148451686,-0.0006003108148451686,-0.0006003108148451686,-0.0006003108148451686
2018-08-27,0.004323907049945393,0.004323907049945393,0.004323907049945393,0.004323907049945393,0.004323907049945393,0.004323907049945393
2018-08-28,-0.001,-0.001,-0.001,-0.001,-0.001,-0.001
2018-08-29,0.0,0.0,0.0,0.0,0.0,0.0
2018-08-30,0.0,0.0,0.0,0.0,0.0,0.0
2018-08-31,0.0,0.0,0.0,0.0,0.0,0.0
2018-09-04,0.0,0.0,0.0,0.0,0.0,0.0
2018-09-05,0.0,0.0,0.0,0.0,0.0,0.0
2018-09-06,0.0,0.0,0.0,0.0,0.0,0.0
2018-09-07,0.0,0.0,0.0,0.0,0.0,0.0
2018-09-10,0.0,0.0,0.0,0.0,0.0,0.0
2018-09-11,0.0,0.0,0.0,0.0,0.0,0.0
2018-09-12,0.0006018197862178523,0.0006018197862178523,0.0006018197862178523,0.0006018197862178523,0.0006018197862178523,0.0006018197862178523
2018-09-13,0.004464361615732614,0.004464361615732614,0.004464361615732614,0.004464361615732614,0.004464361615732614,0.004464361615732614
2018-09-14,-0.009848280447812848,-0.009848280447812848,-0.009848280447812848,-0.009848280447812848,-0.009848280447812848,-0.009848280447812848
2018-09-17,-0.0045805675632824795,-0.0045805675632824795,-0.0045805675632824795,-0.0045805675632824795,-0.0045805675632824795,-0.0045805675632824795
2018-09-18,-0.0025337951625945994,-0.0025337951625945994,-0.0025337951625945994,-0.0025337951625945994,-0.0025337951625945994,-0.0025337951625945994
2018-09-19,-0.0026893441051121622,-0.0026893441051121622,-0.0026893441051121622,-0.0026893441051121622,-0.0026893441051121622,-0.0026893441051121622
2018-09-20,0.0017714531113014653,0.0017714531113014653,0.0017714531113014653,0.0017714531113014653,0.0017714531113014653,0.0017714531113014653
2018-09-21,-0.0019561857217970397,-0.0019561857217970397,-0.0019561857217970397,-0.0019561857217970397,-0.0019561857217970397,-0.0019561857217970397
2018-09-24,0.008985928658225392,0.008985928658225392,0.008985928658225392,0.008985928658225392,0.008985928658225392,0.008985928658225392
2018-09-25,0.0006638524334743605,0.0006638524334743605,0.0006638524334743605,0.0006638524334743605,0.0006638524334743605,0.0006638524334743605
2018-09-26,0.001487351041692576,0.001487351041692576,0.001487351041692576,0.001487351041692576,0.001487351041692576,0.001487351041692576
2018-09-27,0.002202489820619782,0.002202489820619782,0.002202489820619782,0.002202489820619782,0.002202489820619782,0.002202489820619782
2018-09-28,0.0007896760458155085,0.0007896760458155085,0.0007896760458155085,0.0007896760458155085,0.0007896760458155085,0.0007896760458155085
2018-10-01,-0.0016545303836590576,-0.0016545303836590576,-0.0016545303836590576,-0.0016545303836590576,-0.0016545303836590576,-0.0016545303836590576
2018-10-02,-0.001,-0.001,-0.001,-0.001,-0.001,-0.001
2019-01-04,0.0,0.0,0.0,0.0,0.0,0.0
2019-01-07,0.0,0.0,0.0,0.0,0.0,0.0
2019-01-08,0.0,0.0,0.0,0.0,0.0,0.0
2019-01-09,0.0,0.0,0.0,0.0,0.0,0.0
2019-01-10,0.0,0.0,0.0,0.0,0.0,0.0
2019-01-11,0.0,0.0,0.0,0.0,0.0,0.0
2019-01-14,0.0,0.0,0.0,0.0,0.0,0.0
2019-01-15,0.0,0.0,0.0,0.0,0.0,0.0
2019-01-16,0.0,0.0,0.0,0.0,0.0,0.0
2019-01-17,0.0,0.0,0.0,0.0,0.0,0.0
2019-01-18,0.0,0.0,0.0,0.0,0.0,0.0
2019-01-22,0.0,0.0,0.0,0.0,0.0,0.0
2019-01-23,0.0,0.0,0.0,0.0,0.0,0.0
2019-01-24,0.0,0.0,0.0,0.0,0.0,0.0
2019-01-25,0.0,0.0,0.0,0.0,0.0,0.0
2019-01-28,0.0,0.0,0.0,0.0,0.0,0.0
2019-01-29,0.0,0.0,0.0,0.0,0.0,0.0
2019-01-30,0.0,0.0,0.0,0.0,0.0,0.0
2019-01-31,0.0,0.0,0.0,0.0,0.0,0.0
2019-02-01,0.0,0.0,0.0,0.0,0.0,0.0
2019-02-04,0.0,0.0,0.0,0.0,0.0,0.0
2019-02-05,0.0,0.0,0.0,0.0,0.0,0.0
2019-02-06,0.0,0.0,0.0,0.0,0.0,0.0
2019-02-07,0.0,0.0,0.0,0.0,0.0,0.0
2019-02-08,0.0,0.0,0.0,0.0,0.0,0.0
2019-02-11,0.0,0.0,0.0,0.0,0.0,0.0
2019-02-12,0.0,0.0,0.0,0.0,0.0,0.0
2019-02-13,0.0,0.0,0.0,0.0,0.0,0.0
2019-02-14,0.0013828663723125375,0.0013828663723125375,0.0013828663723125375,0.0013828663723125375,0.0013828663723125375,0.0013828663723125375
2019-02-15,-0.005944598806788888,-0.005944598806788888,-0.005944598806788888,-0.005944598806788888,-0.005944598806788888,-0.005944598806788888
2019-02-19,0.00041249068738663123,0.00041249068738663123,0.00041249068738663123,0.00041249068738663123,0.00041249068738663123,0.00041249068738663123
2019-02-20,-0.005133495929452069,-0.005133495929452069,-0.005133495929452069,-0.005133495929452069,-0.005133495929452069,-0.005133495929452069
2019-02-21,-0.004011457591150451,-0.004011457591150451,-0.004011457591150451,-0.004011457591150451,-0.004011457591150451,-0.004011457591150451
2019-02-22,-0.0006761034906931077,-0.0006761034906931077,-0.0006761034906931077,-0.0006761034906931077,-0.0006761034906931077,-0.0006761034906931077
2019-02-25,0.007397178685484891,0.007397178685484891,0.007397178685484891,0.007397178685484891,0.007397178685484891,0.007397178685484891
2019-02-26,0.0012904885834859904,0.0012904885834859904,0.0012904885834859904,0.0012904885834859904,0.0012904885834859904,0.0012904885834859904
2019-02-27,-0.01039803017539952,-0.01039803017539952,-0.01039803017539952,-0.01039803017539952,-0.01039803017539952,-0.01039803017539952
2019-02-28,0.012634429216930676,0.012634429216930676,0.012634429216930676,0.012634429216930676,0.012634429216930676,0.012634429216930676
2019-03-01,0.0067156214782813205,0.0067156214782813205,0.0067156214782813205,0.0067156214782813205,0.0067156214782813205,0.0067156214782813205
2019-03-04,0.0009389141412447153,0.0009389141412447153,0.0009389141412447153,0.0009389141412447153,0.0009389141412447153,0.0009389141412447153
2019-03-05,0.004262587418863879,0.004262587418863879,0.004262587418863879,0.004262587418863879,0.004262587418863879,0.004262587418863879
2019-03-06,0.0015929369947386412,0.0015929369947386412,0.0015929369947386412,0.0015929369947386412,0.0015929369947386412,0.0015929369947386412
2019-03-07,0.0014647668934518168,0.0014647668934518168,0.0014647668934518168,0.0014647668934518168,0.0014647668934518168,0.0014647668934518168
2019-03-08,0.03357400654322619,0.03357400654322619,0.03357400654322619,0.03357400654322619,0.03357400654322619,0.03357400654322619
2019-03-11,-0.0006268094312104404,-0.0006268094312104404,-0.0006268094312104404,-0.0006268094312104404,-0.0006268094312104404,-0.0006268094312104404
2019-03-12,0.0054771885836447575,0.0054771885836447575,0.0054771885836447575,0.0054771885836447575,0.0054771885836447575,0.0054771885836447575
2019-03-13,0.006416303880623377,0.006416303880623377,0.006416303880623377,0.006416303880623377,0.006416303880623377,0.006416303880623377
2019-03-14,-0.001,-0.001,-0.001,-0.001,-0.001,-0.001
2019-03-15,-0.003545122059536854,-0.003545122059536854,-0.003545122059536854,-0.003545122059536854,-0.003545122059536854,-0.003545122059536854
2019-03-18,0.0012464277262960676,0.0012464277262960676,0.0012464277262960676,0.0012464277262960676,0.0012464277262960676,0.0012464277262960676
2019-03-19,0.00613379930401216,0.00613379930401216,0.00613379930401216,0.00613379930401216,0.00613379930401216,0.00613379930401216
2019-03-20,0.0007880863459911047,0.0007880863459911047,0.0007880863459911047,0.0007880863459911047,0.0007880863459911047,0.0007880863459911047
2019-03-21,0.00662787273376702,0.00662787273376702,0.00662787273376702,0.00662787273376702,0.00662787273376702,0.00662787273376702
2019-03-22,-0.0017095487900703986,-0.0017095487900703986,-0.0017095487900703986,-0.0017095487900703986,-0.0017095487900703986,-0.0017095487900703986
2019-03-25,0.006117623623132414,0.006117623623132414,0.006117623623132414,0.006117623623132414,0.006117623623132414,0.006117623623132414
2019-03-26,-0.005044217265002327,-0.005044217265002327,-0.005044217265002327,-0.005044217265002327,-0.005044217265002327,-0.005044217265002327
2019-03-27,0.005521845443246957,0.005521845443246957,0.005521845443246957,0.005521845443246957,0.005521845443246957,0.005521845443246957
2019-03-28,0.00020672243871113616,0.00020672243871113616,0.00020672243871113616,0.00020672243871113616,0.00020672243871113616,0.00020672243871113616
2019-03-29,0.0026862445636388547,0.0026862445636388547,0.0026862445636388547,0.0026862445636388547,0.0026862445636388547,0.0026862445636388547
2019-04-01,-0.006821662583682543,-0.006821662583682543,-0.006821662583682543,-0.006821662583682543,-0.006821662583682543,-0.006821662583682543
2019-04-02,0.012265148928236198,0.012265148928236198,0.012265148928236198,0.012265148928236198,0.012265148928236198,0.012265148928236198
2019-04-03,0.004154346148237456,0.004154346148237456,0.004154346148237456,0.004154346148237456,0.004154346148237456,0.004154346148237456
2019-04-04,0.0015480907539152744,0.0015480907539152744,0.0015480907539152744,0.0015480907539152744,0.0015480907539152744,0.0015480907539152744
2019-07-08,0.0,0.0,0.0,0.0,0.0,0.0
2019-07-09,0.0,0.0,0.0,0.0,0.0,0.0
2019-07-10,0.0,0.0,0.0,0.0,0.0,0.0
2019-07-11,0.0,0.0,0.0,0.0,0.0,0.0
2019-07-12,0.0,0.0,0.0,0.0,0.0,0.0
2019-07-15,0.0,0.0,0.0,0.0,0.0,0.0
2019-07-16,0.0,0.0,0.0,0.0,0.0,0.0
2019-07-17,0.0,0.0,0.0,0.0,0.0,0.0
2019-07-18,0.0,0.0,0.0,0.0,0.0,0.0
2019-07-19,0.0,0.0,0.0,0.0,0.0,0.0
2019-07-22,0.0,0.0,0.0,0.0,0.0,0.0
2019-07-23,0.0,0.0,0.0,0.0,0.0,0.0
2019-07-24,0.0,0.0,0.0,0.0,0.0,0.0
2019-07-25,0.0,0.0,0.0,0.0,0.0,0.0
2019-07-26,0.0,0.0,0.0,0.0,0.0,0.0
2019-07-29,0.0,0.0,0.0,0.0,0.0,0.0
2019-07-30,0.0,0.0,0.0,0.0,0.0,0.0
2019-07-31,0.0,0.0,0.0,0.0,0.0,0.0
2019-08-01,0.0,0.0,0.0,0.0,0.0,0.0
2019-08-02,0.0,0.0,0.0,0.0,0.0,0.0
2019-08-05,0.0,0.0,0.0,0.0,0.0,0.0
2019-08-06,0.0,0.0,0.0,0.0,0.0,0.0
2019-08-07,0.0,0.0,0.0,0.0,0.0,0.0
2019-08-08,0.0,0.0,0.0,0.0,0.0,0.0
2019-08-09,0.0,0.0,0.0,0.0,0.0,0.0
2019-08-12,0.0,0.0,0.0,0.0,0.0,0.0
2019-08-13,0.0,0.0,0.0,0.0,0.0,0.0
2019-08-14,0.0,0.0,0.0,0.0,0.0,0.0
2019-08-15,0.0,0.0,0.0,0.0,0.0,0.0
2019-08-16,0.0,0.0,0.0,0.0,0.0,0.0
2019-08-19,0.0,0.0,0.0,0.0,0.0,0.0
2019-08-20,0.0,0.0,0.0,0.0,0.0,0.0
2019-08-21,0.0,0.0,0.0,0.0,0.0,0.0
2019-08-22,0.0,0.0,0.0,0.0,0.0,0.0
2019-08-23,0.0,0.0,0.0,0.0,0.0,0.0
2019-08-26,0.0,0.0,0.0,0.0,0.0,0.0
2019-08-27,0.0,0.0,0.0,0.0,0.0,0.0
2019-08-28,0.0,0.0,0.0,0.0,0.0,0.0
2019-08-29,0.0,0.0,0.0,0.0,0.0,0.0
2019-08-30,0.0,0.0,0.0,0.0,0.0,0.0
2019-09-03,0.0,0.0,0.0,0.0,0.0,0.0
2019-09-04,0.0,0.0,0.0,0.0,0.0,0.0
2019-09-05,0.0,0.0,0.0,0.0,0.0,0.0
2019-09-06,0.0,0.0,0.0,0.0,0.0,0.0
2019-09-09,0.0,0.0,0.0,0.0,0.0,0.0
2019-09-10,0.0,0.0,0.0,0.0,0.0,0.0
2019-09-11,0.0,0.0,0.0,0.0,0.0,0.0
2019-09-12,0.0,0.0,0.0,0.0,0.0,0.0
2019-09-13,0.0,0.0,0.0,0.0,0.0,0.0
2019-09-16,0.0,0.0,0.0,0.0,0.0,0.0
2019-09-17,0.0,0.0,0.0,0.0,0.0,0.0
2019-09-18,0.0,0.0,0.0,0.0,0.0,0.0
2019-09-19,0.0,0.0,0.0,0.0,0.0,0.0
2019-09-20,0.0,0.0,0.0,0.0,0.0,0.0
2019-09-23,0.0,0.0,0.0,0.0,0.0,0.0
2019-09-24,0.0,0.0,0.0,0.0,0.0,0.0
2019-09-25,0.0,0.0,0.0,0.0,0.0,0.0
2019-09-26,0.0,0.0,0.0,0.0,0.0,0.0
2019-09-27,0.0,0.0,0.0,0.0,0.0,0.0
2019-09-30,0.0,0.0,0.0,0.0,0.0,0.0
2019-10-01,0.0,0.0,0.0,0.0,0.0,0.0
2019-10-02,0.0,0.0,0.0,0.0,0.0,0.0
2019-10-03,0.0,0.0,0.0,0.0,0.0,0.0
2020-01-06,0.0,0.0,0.0,0.0,0.0,0.0
2020-01-07,0.0,0.0,0.0,0.0,0.0,0.0
2020-01-08,0.0,0.0,0.0,0.0,0.0,0.0
2020-01-09,0.0,0.0,0.0,0.0,0.0,0.0
2020-01-10,0.0,0.0,0.0,0.0,0.0,0.0
2020-01-13,0.0,0.0,0.0,0.0,0.0,0.0
2020-01-14,0.0,0.0,0.0,0.0,0.0,0.0
2020-01-15,0.0,0.0,0.0,0.0,0.0,0.0
2020-01-16,0.0,0.0,0.0,0.0,0.0,0.0
2020-01-17,0.0,0.0,0.0,0.0,0.0,0.0
2020-01-21,0.0,0.0,0.0,0.0,0.0,0.0
2020-01-22,0.0,0.0,0.0,0.0,0.0,0.0
2020-01-23,0.0,0.0,0.0,0.0,0.0,0.0
2020-01-24,0.0,0.0,0.0,0.0,0.0,0.0
2020-01-27,0.0,0.0,0.0,0.0,0.0,0.0
2020-01-28,0.0,0.0,0.0,0.0,0.0,0.0
2020-01-29,0.0,0.0,0.0,0.0,0.0,0.0
2020-01-30,0.0,0.0,0.0,0.0,0.0,0.0
2020-01-31,0.0,0.0,0.0,0.0,0.0,0.0
2020-02-03,0.0,0.0,0.0,0.0,0.0,0.0
2020-02-04,0.0,0.0,0.0,0.0,0.0,0.0
2020-02-05,0.0,0.0,0.0,0.0,0.0,0.0
2020-02-06,0.0,0.0,0.0,0.0,0.0,0.0
2020-02-07,0.0,0.0,0.0,0.0,0.0,0.0
2020-02-10,0.0,0.0,0.0,0.0,0.0,0.0
2020-02-11,0.0,0.0,0.0,0.0,0.0,0.0
2020-02-12,0.0,0.0,0.0,0.0,0.0,0.0
2020-02-13,0.0,0.0,0.0,0.0,0.0,0.0
2020-02-14,0.0,0.0,0.0,0.0,0.0,0.0
2020-02-18,0.0,0.0,0.0,0.0,0.0,0.0
2020-02-19,0.0,0.0,0.0,0.0,0.0,0.0
2020-02-20,0.0,0.0,0.0,0.0,0.0,0.0
2020-02-21,0.0,0.0,0.0,0.0,0.0,0.0
2020-02-24,0.0,0.0,0.0,0.0,0.0,0.0
2020-02-25,0.0,0.0,0.0,0.0,0.0,0.0
2020-02-26,0.0,0.0,0.0,0.0,0.0,0.0
2020-02-27,0.0,0.0,0.0,0.0,0.0,0.0
2020-02-28,0.0,0.0,0.0,0.0,0.0,0.0
2020-03-02,0.0,0.0,0.0,0.0,0.0,0.0
2020-03-03,0.0,0.0,0.0,0.0,0.0,0.0
2020-03-04,0.0,0.0,0.0,0.0,0.0,0.0
2020-03-05,0.0,0.0,0.0,0.0,0.0,0.0
2020-03-06,0.0,0.0,0.0,0.0,0.0,0.0
2020-03-09,0.0,0.0,0.0,0.0,0.0,0.0
2020-03-10,0.0,0.0,0.0,0.0,0.0,0.0
2020-03-11,0.0,0.0,0.0,0.0,0.0,0.0
2020-03-12,0.0,0.0,0.0,0.0,0.0,0.0
2020-03-13,0.0,0.0,0.0,0.0,0.0,0.0
2020-03-16,0.0,0.0,0.0,0.0,0.0,0.0
2020-03-17,0.0,0.0,0.0,0.0,0.0,0.0
2020-03-18,0.0,0.0,0.0,0.0,0.0,0.0
2020-03-19,0.0,0.0,0.0,0.0,0.0,0.0
2020-03-20,0.0,0.0,0.0,0.0,0.0,0.0
2020-03-23,0.0,0.0,0.0,0.0,0.0,0.0
2020-03-24,0.0,0.0,0.0,0.0,0.0,0.0
2020-03-25,0.0,0.0,0.0,0.0,0.0,0.0
2020-03-26,0.0,0.0,0.0,0.0,0.0,0.0
2020-03-27,0.0,0.0,0.0,0.0,0.0,0.0
2020-03-30,0.0,0.0,0.0,0.0,0.0,0.0
2020-03-31,0.0,0.0,0.0,0.0,0.0,0.0
2020-04-01,0.0,0.0,0.0,0.0,0.0,0.0
2020-04-02,0.0,0.0,0.0,0.0,0.0,0.0
2020-04-03,0.0,0.0,0.0,0.0,0.0,0.0
2020-07-07,0.0,0.0,0.0,0.0,0.0,0.0
2020-07-08,0.0,0.0,0.0,0.0,0.0,0.0
2020-07-09,0.0,0.0,0.0,0.0,0.0,0.0
2020-07-10,0.0,0.0,0.0,0.0,0.0,0.0
2020-07-13,0.0,0.0,0.0,0.0,0.0,0.0
2020-07-14,0.0,0.0,0.0,0.0,0.0,0.0
2020-07-15,0.0,0.0,0.0,0.0,0.0,0.0
2020-07-16,0.0,0.0,0.0,0.0,0.0,0.0
2020-07-17,0.0,0.0,0.0,0.0,0.0,0.0
2020-07-20,0.0,0.0,0.0,0.0,0.0,0.0
2020-07-21,0.0,0.0,0.0,0.0,0.0,0.0
2020-07-22,0.0,0.0,0.0,0.0,0.0,0.0
2020-07-23,0.0,0.0,0.0,0.0,0.0,0.0
2020-07-24,0.0,0.0,0.0,0.0,0.0,0.0
2020-07-27,0.0,0.0,0.0,0.0,0.0,0.0
2020-07-28,0.0,0.0,0.0,0.0,0.0,0.0
2020-07-29,0.0,0.0,0.0,0.0,0.0,0.0
2020-07-30,0.0,0.0,0.0,0.0,0.0,0.0
2020-07-31,0.0,0.0,0.0,0.0,0.0,0.0
2020-08-03,0.0,0.0,0.0,0.0,0.0,0.0
2020-08-04,0.0,0.0,0.0,0.0,0.0,0.0
2020-08-05,0.0,0.0,0.0,0.0,0.0,0.0
2020-08-06,0.0,0.0,0.0,0.0,0.0,0.0
2020-08-07,0.0,0.0,0.0,0.0,0.0,0.0
2020-08-10,0.0,0.0,0.0,0.0,0.0,0.0
2020-08-11,0.0,0.0,0.0,0.0,0.0,0.0
2020-08-12,0.0,0.0,0.0,0.0,0.0,0.0
2020-08-13,0.0,0.0,0.0,0.0,0.0,0.0
2020-08-14,0.0,0.0,0.0,0.0,0.0,0.0
2020-08-17,0.0,0.0,0.0,0.0,0.0,0.0
2020-08-18,0.0,0.0,0.0,0.0,0.0,0.0
2020-08-19,0.0,0.0,0.0,0.0,0.0,0.0
2020-08-20,0.0,0.0,0.0,0.0,0.0,0.0
2020-08-21,0.0,0.0,0.0,0.0,0.0,0.0
2020-08-24,0.0,0.0,0.0,0.0,0.0,0.0
2020-08-25,0.0,0.0,0.0,0.0,0.0,0.0
2020-08-26,0.0,0.0,0.0,0.0,0.0,0.0
2020-08-27,0.0,0.0,0.0,0.0,0.0,0.0
2020-08-28,0.0,0.0,0.0,0.0,0.0,0.0
2020-08-31,0.0,0.0,0.0,0.0,0.0,0.0
2020-09-01,0.0,0.0,0.0,0.0,0.0,0.0
2020-09-02,0.0,0.0,0.0,0.0,0.0,0.0
2020-09-03,0.0,0.0,0.0,0.0,0.0,0.0
2020-09-04,0.0,0.0,0.0,0.0,0.0,0.0
2020-09-08,0.0,0.0,0.0,0.0,0.0,0.0
2020-09-09,0.0,0.0,0.0,0.0,0.0,0.0
2020-09-10,0.0,0.0,0.0,0.0,0.0,0.0
2020-09-11,0.0,0.0,0.0,0.0,0.0,0.0
2020-09-14,0.0,0.0,0.0,0.0,0.0,0.0
2020-09-15,0.0,0.0,0.0,0.0,0.0,0.0
2020-09-16,0.0,0.0,0.0,0.0,0.0,0.0
2020-09-17,0.0,0.0,0.0,0.0,0.0,0.0
2020-09-18,0.0,0.0,0.0,0.0,0.0,0.0
2020-09-21,0.0,0.0,0.0,0.0,0.0,0.0
2020-09-22,0.0,0.0,0.0,0.0,0.0,0.0
2020-09-23,0.0,0.0,0.0,0.0,0.0,0.0
2020-09-24,0.0,0.0,0.0,0.0,0.0,0.0
2020-09-25,0.0,0.0,0.0,0.0,0.0,0.0
2020-09-28,0.0,0.0,0.0,0.0,0.0,0.0
2020-09-29,0.0,0.0,0.0,0.0,0.0,0.0
2020-09-30,0.0,0.0,0.0,0.0,0.0,0.0
2020-10-01,0.0,0.0,0.0,0.0,0.0,0.0
2020-10-02,0.0,0.0,0.0,0.0,0.0,0.0
2021-01-05,0.0,0.0,0.0,0.0,0.0,0.0
2021-01-06,0.0,0.0,0.0,0.0,0.0,0.0
2021-01-07,0.0,0.0,0.0,0.0,0.0,0.0
2021-01-08,0.0,0.0,0.0,0.0,0.0,0.0
2021-01-11,0.0,0.0,0.0,0.0,0.0,0.0
2021-01-12,0.0,0.0,0.0,0.0,0.0,0.0
2021-01-13,-0.006009360825893371,-0.006009360825893371,-0.006009360825893371,-0.006009360825893371,-0.006009360825893371,-0.006009360825893371
2021-01-14,-0.008265631140417128,-0.008265631140417128,-0.008265631140417128,-0.008265631140417128,-0.008265631140417128,-0.008265631140417128
2021-01-15,0.016418518208662556,0.016418518208662556,0.016418518208662556,0.016418518208662556,0.016418518208662556,0.016418518208662556
2021-01-19,0.019669144843251822,0.019669144843251822,0.019669144843251822,0.019669144843251822,0.019669144843251822,0.019669144843251822
2021-01-20,-0.005931916634754464,-0.005931916634754464,-0.005931916634754464,-0.005931916634754464,-0.005931916634754464,-0.005931916634754464
2021-01-21,0.005640317336268458,0.005640317336268458,0.005640317336268458,0.005640317336268458,0.005640317336268458,0.005640317336268458
2021-01-22,0.005319596473740283,0.005319596473740283,0.005319596473740283,0.005319596473740283,0.005319596473740283,0.005319596473740283
2021-01-25,0.007017764278054209,0.007017764278054209,0.007017764278054209,0.007017764278054209,0.007017764278054209,0.007017764278054209
2021-01-26,-0.001,-0.001,-0.001,-0.001,-0.001,-0.001
2021-01-27,0.0,0.0,0.0,0.0,0.0,0.0
2021-01-28,0.0,0.0,0.0,0.0,0.0,0.0
2021-01-29,0.0,0.0,0.0,0.0,0.0,0.0
2021-02-01,-0.011380132804814463,-0.011380132804814463,-0.011380132804814463,-0.011380132804814463,-0.011380132804814463,-0.011380132804814463
2021-02-02,0.006164343583025832,0.006164343583025832,0.006164343583025832,0.006164343583025832,0.006164343583025832,0.006164343583025832
2021-02-03,0.007729808474303949,0.007729808474303949,0.007729808474303949,0.007729808474303949,0.007729808474303949,0.007729808474303949
2021-02-04,-0.002754346289735034,-0.002754346289735034,-0.002754346289735034,-0.002754346289735034,-0.002754346289735034,-0.002754346289735034
2021-02-05,0.0006766869436611512,0.0006766869436611512,0.0006766869436611512,0.0006766869436611512,0.0006766869436611512,0.0006766869436611512
2021-02-08,0.0005579121055783806,0.0005579121055783806,0.0005579121055783806,0.0005579121055783806,0.0005579121055783806,0.0005579121055783806
2021-02-09,0.008442203543535351,0.008442203543535351,0.008442203543535351,0.008442203543535351,0.008442203543535351,0.008442203543535351
2021-02-10,0.0075057337016443786,0.0075057337016443786,0.0075057337016443786,0.0075057337016443786,0.0075057337016443786,0.0075057337016443786
2021-02-11,0.00013432861397323848,0.00013432861397323848,0.00013432861397323848,0.00013432861397323848,0.00013432861397323848,0.00013432861397323848
2021-02-12,-0.0018373879021149695,-0.0018373879021149695,-0.0018373879021149695,-0.0018373879021149695,-0.0018373879021149695,-0.0018373879021149695
2021-02-16,0.008431235715076212,0.008431235715076212,0.008431235715076212,0.008431235715076212,0.008431235715076212,0.008431235715076212
2021-02-17,-0.001,-0.001,-0.001,-0.001,-0.001,-0.001
2021-02-18,0.0,0.0,0.0,0.0,0.0,0.0
2021-02-19,0.0,0.0,0.0,0.0,0.0,0.0
2021-02-22,0.0,0.0,0.0,0.0,0.0,0.0
2021-02-23,0.0,0.0,0.0,0.0,0.0,0.0
2021-02-24,0.0,0.0,0.0,0.0,0.0,0.0
2021-02-25,0.0,0.0,0.0,0.0,0.0,0.0
2021-02-26,0.0,0.0,0.0,0.0,0.0,0.0
2021-03-01,0.0,0.0,0.0,0.0,0.0,0.0
2021-03-02,0.0,0.0,0.0,0.0,0.0,0.0
2021-03-03,0.0,0.0,0.0,0.0,0.0,0.0
2021-03-04,0.0,0.0,0.0,0.0,0.0,0.0
2021-03-05,0.0,0.0,0.0,0.0,0.0,0.0
2021-03-08,0.0,0.0,0.0,0.0,0.0,0.0
2021-03-09,0.0,0.0,0.0,0.0,0.0,0.0
2021-03-10,0.0,0.0,0.0,0.0,0.0,0.0
2021-03-11,0.0,0.0,0.0,0.0,0.0,0.0
2021-03-12,0.0,0.0,0.0,0.0,0.0,0.0
2021-03-15,0.0,0.0,0.0,0.0,0.0,0.0
2021-03-16,-0.011024007472382892,-0.011024007472382892,-0.011024007472382892,-0.011024007472382892,-0.011024007472382892,-0.011024007472382892
2021-03-17,-0.0034599264478693387,-0.0034599264478693387,-0.0034599264478693387,-0.0034599264478693387,-0.0034599264478693387,-0.0034599264478693387
2021-03-18,-0.0041152666098006364,-0.0041152666098006364,-0.0041152666098006364,-0.0041152666098006364,-0.0041152666098006364,-0.0041152666098006364
2021-03-19,-0.016667450141138577,-0.016667450141138577,-0.016667450141138577,-0.016667450141138577,-0.016667450141138577,-0.016667450141138577
2021-03-22,-0.001,-0.001,-0.001,-0.001,-0.001,-0.001
2021-03-23,0.0,0.0,0.0,0.0,0.0,0.0
2021-03-24,0.00860488362486072,0.00860488362486072,0.00860488362486072,0.00860488362486072,0.00860488362486072,0.00860488362486072
2021-03-25,0.0011095242675264402,0.0011095242675264402,0.0011095242675264402,0.0011095242675264402,0.0011095242675264402,0.0011095242675264402
2021-03-26,-0.00788661075286089,-0.00788661075286089,-0.00788661075286089,-0.00788661075286089,-0.00788661075286089,-0.00788661075286089
2021-03-29,-0.012265070155007506,-0.012265070155007506,-0.012265070155007506,-0.012265070155007506,-0.012265070155007506,-0.012265070155007506
2021-03-30,0.002621037391155429,0.002621037391155429,0.002621037391155429,0.002621037391155429,0.002621037391155429,0.002621037391155429
2021-03-31,-0.007359565552416321,-0.007359565552416321,-0.007359565552416321,-0.007359565552416321,-0.007359565552416321,-0.007359565552416321
2021-04-01,0.0014134731387817905,0.0014134731387817905,0.0014134731387817905,0.0014134731387817905,0.0014134731387817905,0.0014134731387817905
2021-04-05,-0.010457137630016258,-0.010457137630016258,-0.010457137630016258,-0.010457137630016258,-0.010457137630016258,-0.010457137630016258
2021-04-06,0.004473816360307317,0.004473816360307317,0.004473816360307317,0.004473816360307317,0.004473816360307317,0.004473816360307317
2021-07-07,0.00232165467954028,0.00232165467954028,0.00232165467954028,0.00232165467954028,0.00232165467954028,0.00232165467954028
2021-07-08,0.0029043165934719757,0.0029043165934719757,0.0029043165934719757,0.0029043165934719757,0.0029043165934719757,0.0029043165934719757
2021-07-09,0.0002323631055815041,0.0002323631055815041,0.0002323631055815041,0.0002323631055815041,0.0002323631055815041,0.0002323631055815041
2021-07-12,0.0013974189466912645,0.0013974189466912645,0.0013974189466912645,0.0013974189466912645,0.0013974189466912645,0.0013974189466912645
2021-07-13,-0.0032853855923145204,-0.0032853855923145204,-0.0032853855923145204,-0.0032853855923145204,-0.0032853855923145204,-0.0032853855923145204
2021-07-14,-0.0008403495027416487,-0.0008403495027416487,-0.0008403495027416487,-0.0008403495027416487,-0.0008403495027416487,-0.0008403495027416487
2021-07-15,-0.005292274885978653,-0.005292274885978653,-0.005292274885978653,-0.005292274885978653,-0.005292274885978653,-0.005292274885978653
2021-07-16,-9.786020076940208e-05,-9.786020076940208e-05,-9.786020076940208e-05,-9.786020076940208e-05,-9.786020076940208e-05,-9.786020076940208e-05
2021-07-19,-0.001613235199353467,-0.001613235199353467,-0.001613235199353467,-0.001613235199353467,-0.001613235199353467,-0.001613235199353467
2021-07-20,0.0029476577404615478,0.0029476577404615478,0.0029476577404615478,0.0029476577404615478,0.0029476577404615478,0.0029476577404615478
2021-07-21,0.004114614547861918,0.004114614547861918,0.004114614547861918,0.004114614547861918,0.004114614547861918,0.004114614547861918
2021-07-22,-0.00024168836569229878,-0.00024168836569229878,-0.00024168836569229878,-0.00024168836569229878,-0.00024168836569229878,-0.00024168836569229878
2021-07-23,0.010392716142096654,0.010392716142096654,0.010392716142096654,0.010392716142096654,0.010392716142096654,0.010392716142096654
2021-07-26,0.010033125704213696,0.010033125704213696,0.010033125704213696,0.010033125704213696,0.010033125704213696,0.010033125704213696
2021-07-27,-0.001,-0.001,-0.001,-0.001,-0.001,-0.001
2021-07-28,0.0,0.0,0.0,0.0,0.0,0.0
2021-07-29,0.0,0.0,0.0,0.0,0.0,0.0
2021-07-30,0.0,0.0,0.0,0.0,0.0,0.0
2021-08-02,0.0,0.0,0.0,0.0,0.0,0.0
2021-08-03,0.0,0.0,0.0,0.0,0.0,0.0
2021-08-04,0.0,0.0,0.0,0.0,0.0,0.0
2021-08-05,0.0,0.0,0.0,0.0,0.0,0.0
2021-08-06,0.0,0.0,0.0,0.0,0.0,0.0
2021-08-09,0.0,0.0,0.0,0.0,0.0,0.0
2021-08-10,0.0,0.0,0.0,0.0,0.0,0.0
2021-08-11,0.0,0.0,0.0,0.0,0.0,0.0
2021-08-12,0.0,0.0,0.0,0.0,0.0,0.0
2021-08-13,0.0,0.0,0.0,0.0,0.0,0.0
2021-08-16,0.0,0.0,0.0,0.0,0.0,0.0
2021-08-17,0.0,0.0,0.0,0.0,0.0,0.0
2021-08-18,0.0,0.0,0.0,0.0,0.0,0.0
2021-08-19,0.0,0.0,0.0,0.0,0.0,0.0
2021-08-20,0.0,0.0,0.0,0.0,0.0,0.0
2021-08-23,0.0,0.0,0.0,0.0,0.0,0.0
2021-08-24,0.0,0.0,0.0,0.0,0.0,0.0
2021-08-25,0.0,0.0,0.0,0.0,0.0,0.0
2021-08-26,0.0,0.0,0.0,0.0,0.0,0.0
2021-08-27,0.0,0.0,0.0,0.0,0.0,0.0
2021-08-30,0.0,0.0,0.0,0.0,0.0,0.0
2021-08-31,0.0,0.0,0.0,0.0,0.0,0.0
2021-09-01,0.0,0.0,0.0,0.0,0.0,0.0
2021-09-02,0.0,0.0,0.0,0.0,0.0,0.0
2021-09-03,0.0,0.0,0.0,0.0,0.0,0.0
2021-09-07,0.0,0.0,0.0,0.0,0.0,0.0
2021-09-08,0.0,0.0,0.0,0.0,0.0,0.0
2021-09-09,0.0,0.0,0.0,0.0,0.0,0.0
2021-09-10,0.0,0.0,0.0,0.0,0.0,0.0
2021-09-13,0.0,0.0,0.0,0.0,0.0,0.0
2021-09-14,0.0,0.0,0.0,0.0,0.0,0.0
2021-09-15,0.0,0.0,0.0,0.0,0.0,0.0
2021-09-16,0.0,0.0,0.0,0.0,0.0,0.0
2021-09-17,0.0,0.0,0.0,0.0,0.0,0.0
2021-09-20,0.0,0.0,0.0,0.0,0.0,0.0
2021-09-21,0.0,0.0,0.0,0.0,0.0,0.0
2021-09-22,0.0,0.0,0.0,0.0,0.0,0.0
2021-09-23,0.0,0.0,0.0,0.0,0.0,0.0
2021-09-24,0.0,0.0,0.0,0.0,0.0,0.0
2021-09-27,0.0,0.0,0.0,0.0,0.0,0.0
2021-09-28,0.0,0.0,0.0,0.0,0.0,0.0
2021-09-29,0.0,0.0,0.0,0.0,0.0,0.0
2021-09-30,0.0,0.0,0.0,0.0,0.0,0.0
2021-10-01,0.0,0.0,0.0,0.0,0.0,0.0
2021-10-04,0.0,0.0,0.0,0.0,0.0,0.0
2022-01-04,0.002914521594859504,0.002914521594859504,0.002914521594859504,0.002914521594859504,0.002914521594859504,0.002914521594859504
2022-01-05,-0.00946347725841795,-0.00946347725841795,-0.00946347725841795,-0.00946347725841795,-0.00946347725841795,-0.00946347725841795
2022-01-06,-0.004048238313262936,-0.004048238313262936,-0.004048238313262936,-0.004048238313262936,-0.004048238313262936,-0.004048238313262936
2022-01-07,0.004262722439844552,0.004262722439844552,0.004262722439844552,0.004262722439844552,0.004262722439844552,0.004262722439844552
2022-01-10,-0.001,-0.001,-0.001,-0.001,-0.001,-0.001
2022-01-11,0.011961848945992413,0.011961848945992413,0.011961848945992413,0.011961848945992413,0.011961848945992413,0.011961848945992413
2022-01-12,0.011421326475529053,0.011421326475529053,0.011421326475529053,0.011421326475529053,0.011421326475529053,0.011421326475529053
2022-01-13,-0.001,-0.001,-0.001,-0.001,-0.001,-0.001
2022-01-14,0.0,0.0,0.0,0.0,0.0,0.0
2022-01-18,0.0,0.0,0.0,0.0,0.0,0.0
2022-01-19,-0.0005737139158731908,-0.0005737139158731908,-0.0005737139158731908,-0.0005737139158731908,-0.0005737139158731908,-0.0005737139158731908
2022-01-20,-0.004526419088996831,-0.004526419088996831,-0.004526419088996831,-0.004526419088996831,-0.004526419088996831,-0.004526419088996831
2022-01-21,-0.014022377034930622,-0.014022377034930622,-0.014022377034930622,-0.014022377034930622,-0.014022377034930622,-0.014022377034930622
2022-01-24,-0.011407279960599212,-0.011407279960599212,-0.011407279960599212,-0.011407279960599212,-0.011407279960599212,-0.011407279960599212
2022-01-25,-0.001,-0.001,-0.001,-0.001,-0.001,-0.001
2022-01-26,0.0,0.0,0.0,0.0,0.0,0.0
2022-01-27,0.0,0.0,0.0,0.0,0.0,0.0
2022-01-28,0.0,0.0,0.0,0.0,0.0,0.0
2022-01-31,0.016158951158354615,0.016158951158354615,0.016158951158354615,0.016158951158354615,0.016158951158354615,0.016158951158354615
2022-02-01,0.009685315092512558,0.009685315092512558,0.009685315092512558,0.009685315092512558,0.009685315092512558,0.009685315092512558
2022-02-02,0.007429125646880078,0.007429125646880078,0.007429125646880078,0.007429125646880078,0.007429125646880078,0.007429125646880078
2022-02-03,-0.015589167249600192,-0.015589167249600192,-0.015589167249600192,-0.015589167249600192,-0.015589167249600192,-0.015589167249600192
2022-02-04,0.002552160256370594,0.002552160256370594,0.002552160256370594,0.002552160256370594,0.002552160256370594,0.002552160256370594
2022-02-07,0.0017675739321919035,0.0017675739321919035,0.0017675739321919035,0.0017675739321919035,0.0017675739321919035,0.0017675739321919035
2022-02-08,0.004930970168389021,0.004930970168389021,0.004930970168389021,0.004930970168389021,0.004930970168389021,0.004930970168389021
2022-02-09,0.015911977769079565,0.015911977769079565,0.015911977769079565,0.015911977769079565,0.015911977769079565,0.015911977769079565
2022-02-10,-0.001,-0.001,-0.001,-0.001,-0.001,-0.001
2022-02-11,0.0,0.0,0.0,0.0,0.0,0.0
2022-02-14,0.0,0.0,0.0,0.0,0.0,0.0
2022-02-15,0.0,0.0,0.0,0.0,0.0,0.0
2022-02-16,0.0,0.0,0.0,0.0,0.0,0.0
2022-02-17,0.0,0.0,0.0,0.0,0.0,0.0
2022-02-18,0.0,0.0,0.0,0.0,0.0,0.0
2022-02-22,0.0,0.0,0.0,0.0,0.0,0.0
2022-02-23,0.0,0.0,0.0,0.0,0.0,0.0
2022-02-24,0.0,0.0,0.0,0.0,0.0,0.0
2022-02-25,0.0,0.0,0.0,0.0,0.0,0.0
2022-02-28,0.0,0.0,0.0,0.0,0.0,0.0
2022-03-01,0.0,0.0,0.0,0.0,0.0,0.0
2022-03-02,0.0,0.0,0.0,0.0,0.0,0.0
2022-03-03,0.0,0.0,0.0,0.0,0.0,0.0
2022-03-04,0.0,0.0,0.0,0.0,0.0,0.0
2022-03-07,0.0,0.0,0.0,0.0,0.0,0.0
2022-03-08,0.0,0.0,0.0,0.0,0.0,0.0
2022-03-09,0.0,0.0,0.0,0.0,0.0,0.0
2022-03-10,0.0,0.0,0.0,0.0,0.0,0.0
2022-03-11,0.0,0.0,0.0,0.0,0.0,0.0
2022-03-14,0.0,0.0,0.0,0.0,0.0,0.0
2022-03-15,0.0,0.0,0.0,0.0,0.0,0.0
2022-03-16,0.0,0.0,0.0,0.0,0.0,0.0
2022-03-17,0.0,0.0,0.0,0.0,0.0,0.0
2022-03-18,0.0,0.0,0.0,0.0,0.0,0.0
2022-03-21,0.0,0.0,0.0,0.0,0.0,0.0
2022-03-22,0.0,0.0,0.0,0.0,0.0,0.0
2022-03-23,0.0,0.0,0.0,0.0,0.0,0.0
2022-03-24,0.0,0.0,0.0,0.0,0.0,0.0
2022-03-25,0.0,0.0,0.0,0.0,0.0,0.0
2022-03-28,0.0,0.0,0.0,0.0,0.0,0.0
2022-03-29,0.0,0.0,0.0,0.0,0.0,0.0
2022-03-30,0.0,0.0,0.0,0.0,0.0,0.0
2022-03-31,0.0,0.0,0.0,0.0,0.0,0.0
2022-04-01,0.0,0.0,0.0,0.0,0.0,0.0
2022-04-04,0.0,0.0,0.0,0.0,0.0,0.0
2022-07-07,0.0,0.0,0.0,0.0,0.0,0.0
2022-07-08,0.0014303151190720805,0.0014303151190720805,0.0014303151190720805,0.0014303151190720805,0.0014303151190720805,0.0014303151190720805
2022-07-11,0.004063569048425921,0.004063569048425921,0.004063569048425921,0.004063569048425921,0.004063569048425921,0.004063569048425921
2022-07-12,0.0013529994506348464,0.0013529994506348464,0.0013529994506348464,0.0013529994506348464,0.0013529994506348464,0.0013529994506348464
2022-07-13,0.0008630845499917738,0.0008630845499917738,0.0008630845499917738,0.0008630845499917738,0.0008630845499917738,0.0008630845499917738
2022-07-14,-0.0040182928584032804,-0.0040182928584032804,-0.0040182928584032804,-0.0040182928584032804,-0.0040182928584032804,-0.0040182928584032804
2022-07-15,0.0058596402987119945,0.0058596402987119945,0.0058596402987119945,0.0058596402987119945,0.0058596402987119945,0.0058596402987119945
2022-07-18,0.0007545387254762762,0.0007545387254762762,0.0007545387254762762,0.0007545387254762762,0.0007545387254762762,0.0007545387254762762
2022-07-19,0.005840407420601008,0.005840407420601008,0.005840407420601008,0.005840407420601008,0.005840407420601008,0.005840407420601008
2022-07-20,-0.0003406097216350549,-0.0003406097216350549,-0.0003406097216350549,-0.0003406097216350549,-0.0003406097216350549,-0.0003406097216350549
2022-07-21,-0.000549106112557665,-0.000549106112557665,-0.000549106112557665,-0.000549106112557665,-0.000549106112557665,-0.000549106112557665
2022-07-22,0.0034148482280682954,0.0034148482280682954,0.0034148482280682954,0.0034148482280682954,0.0034148482280682954,0.0034148482280682954
2022-07-25,0.0017733277517907643,0.0017733277517907643,0.0017733277517907643,0.0017733277517907643,0.0017733277517907643,0.0017733277517907643
2022-07-26,-0.002062805542869278,-0.002062805542869278,-0.002062805542869278,-0.002062805542869278,-0.002062805542869278,-0.002062805542869278
2022-07-27,0.001548838457539758,0.001548838457539758,0.001548838457539758,0.001548838457539758,0.001548838457539758,0.001548838457539758
2022-07-28,0.0016328663556853798,0.0016328663556853798,0.0016328663556853798,0.0016328663556853798,0.0016328663556853798,0.0016328663556853798
2022-07-29,0.009010317025280894,0.009010317025280894,0.009010317025280894,0.009010317025280894,0.009010317025280894,0.009010317025280894
2022-08-01,0.00302618122527388,0.00302618122527388,0.00302618122527388,0.00302618122527388,0.00302618122527388,0.00302618122527388
2022-08-02,-0.004872321752710991,-0.004872321752710991,-0.004872321752710991,-0.004872321752710991,-0.004872321752710991,-0.004872321752710991
2022-08-03,0.0008505979339199043,0.0008505979339199043,0.0008505979339199043,0.0008505979339199043,0.0008505979339199043,0.0008505979339199043
2022-08-04,-0.001,-0.001,-0.001,-0.001,-0.001,-0.001
2022-08-05,0.0,0.0,0.0,0.0,0.0,0.0
2022-08-08,0.0,0.0,0.0,0.0,0.0,0.0
2022-08-09,0.0,0.0,0.0,0.0,0.0,0.0
2022-08-10,0.0,0.0,0.0,0.0,0.0,0.0
2022-08-11,0.0,0.0,0.0,0.0,0.0,0.0
2022-08-12,0.0,0.0,0.0,0.0,0.0,0.0
2022-08-15,0.0,0.0,0.0,0.0,0.0,0.0
2022-08-16,0.0,0.0,0.0,0.0,0.0,0.0
2022-08-17,0.0,0.0,0.0,0.0,0.0,0.0
2022-08-18,0.0,0.0,0.0,0.0,0.0,0.0
2022-08-19,0.0,0.0,0.0,0.0,0.0,0.0
2022-08-22,0.0,0.0,0.0,0.0,0.0,0.0
2022-08-23,0.0,0.0,0.0,0.0,0.0,0.0
2022-08-24,0.0,0.0,0.0,0.0,0.0,0.0
2022-08-25,0.0,0.0,0.0,0.0,0.0,0.0
2022-08-26,0.0,0.0,0.0,0.0,0.0,0.0
2022-08-29,0.0,0.0,0.0,0.0,0.0,0.0
2022-08-30,0.0,0.0,0.0,0.0,0.0,0.0
2022-08-31,0.0,0.0,0.0,0.0,0.0,0.0
2022-09-01,0.0,0.0,0.0,0.0,0.0,0.0
2022-09-02,0.0,0.0,0.0,0.0,0.0,0.0
2022-09-06,0.0,0.0,0.0,0.0,0.0,0.0
2022-09-07,0.0,0.0,0.0,0.0,0.0,0.0
2022-09-08,0.0,0.0,0.0,0.0,0.0,0.0
2022-09-09,0.0,0.0,0.0,0.0,0.0,0.0
2022-09-12,0.0,0.0,0.0,0.0,0.0,0.0
2022-09-13,0.0,0.0,0.0,0.0,0.0,0.0
2022-09-14,0.0,0.0,0.0,0.0,0.0,0.0
2022-09-15,0.0,0.0,0.0,0.0,0.0,0.0
2022-09-16,0.0,0.0,0.0,0.0,0.0,0.0
2022-09-19,0.0,0.0,0.0,0.0,0.0,0.0
2022-09-20,0.0,0.0,0.0,0.0,0.0,0.0
2022-09-21,0.0,0.0,0.0,0.0,0.0,0.0
2022-09-22,0.0,0.0,0.0,0.0,0.0,0.0
2022-09-23,0.0,0.0,0.0,0.0,0.0,0.0
2022-09-26,0.0,0.0,0.0,0.0,0.0,0.0
2022-09-27,0.0,0.0,0.0,0.0,0.0,0.0
2022-09-28,0.0,0.0,0.0,0.0,0.0,0.0
2022-09-29,0.0,0.0,0.0,0.0,0.0,0.0
2022-09-30,0.0,0.0,0.0,0.0,0.0,0.0
2022-10-03,0.0,0.0,0.0,0.0,0.0,0.0
2022-10-04,0.0,0.0,0.0,0.0,0.0,0.0
2023-01-05,0.0,0.0,0.0,0.0,0.0,0.0
2023-01-06,0.0,0.0,0.0,0.0,0.0,0.0
2023-01-09,0.0,0.0,0.0,0.0,0.0,0.0
2023-01-10,0.0,0.0,0.0,0.0,0.0,0.0
2023-01-11,0.0,0.0,0.0,0.0,0.0,0.0
2023-01-12,0.0,0.0,0.0,0.0,0.0,0.0
2023-01-13,0.0,0.0,0.0,0.0,0.0,0.0
2023-01-17,0.0,0.0,0.0,0.0,0.0,0.0
2023-01-18,0.0,0.0,0.0,0.0,0.0,0.0
2023-01-19,0.0,0.0,0.0,0.0,0.0,0.0
2023-01-20,0.0,0.0,0.0,0.0,0.0,0.0
2023-01-23,0.0,0.0,0.0,0.0,0.0,0.0
2023-01-24,0.0,0.0,0.0,0.0,0.0,0.0
2023-01-25,0.0,0.0,0.0,0.0,0.0,0.0
2023-01-26,0.0,0.0,0.0,0.0,0.0,0.0
2023-01-27,0.0,0.0,0.0,0.0,0.0,0.0
2023-01-30,0.0,0.0,0.0,0.0,0.0,0.0
2023-01-31,0.0,0.0,0.0,0.0,0.0,0.0
2023-02-01,0.0,0.0,0.0,0.0,0.0,0.0
2023-02-02,0.0,0.0,0.0,0.0,0.0,0.0
2023-02-03,0.0,0.0,0.0,0.0,0.0,0.0
2023-02-06,0.0,0.0,0.0,0.0,0.0,0.0
2023-02-07,0.0,0.0,0.0,0.0,0.0,0.0
2023-02-08,0.0,0.0,0.0,0.0,0.0,0.0
2023-02-09,0.0,0.0,0.0,0.0,0.0,0.0
2023-02-10,0.0,0.0,0.0,0.0,0.0,0.0
2023-02-13,0.0,0.0,0.0,0.0,0.0,0.0
2023-02-14,0.0,0.0,0.0,0.0,0.0,0.0
2023-02-15,0.0,0.0,0.0,0.0,0.0,0.0
2023-02-16,0.0,0.0,0.0,0.0,0.0,0.0
2023-02-17,0.0,0.0,0.0,0.0,0.0,0.0
2023-02-21,0.0,0.0,0.0,0.0,0.0,0.0
2023-02-22,0.0,0.0,0.0,0.0,0.0,0.0
2023-02-23,0.0,0.0,0.0,0.0,0.0,0.0
2023-02-24,0.0,0.0,0.0,0.0,0.0,0.0
2023-02-27,0.0,0.0,0.0,0.0,0.0,0.0
2023-02-28,0.0,0.0,0.0,0.0,0.0,0.0
2023-03-01,0.0,0.0,0.0,0.0,0.0,0.0
2023-03-02,0.0,0.0,0.0,0.0,0.0,0.0
2023-03-03,0.0,0.0,0.0,0.0,0.0,0.0
2023-03-06,0.0,0.0,0.0,0.0,0.0,0.0
2023-03-07,0.0,0.0,0.0,0.0,0.0,0.0
2023-03-08,0.0,0.0,0.0,0.0,0.0,0.0
2023-03-09,0.0,0.0,0.0,0.0,0.0,0.0
2023-03-10,0.0,0.0,0.0,0.0,0.0,0.0
2023-03-13,0.0,0.0,0.0,0.0,0.0,0.0
2023-03-14,0.0,0.0,0.0,0.0,0.0,0.0
2023-03-15,0.0,0.0,0.0,0.0,0.0,0.0
2023-03-16,0.0,0.0,0.0,0.0,0.0,0.0
2023-03-17,0.0,0.0,0.0,0.0,0.0,0.0
2023-03-20,0.0,0.0,0.0,0.0,0.0,0.0
2023-03-21,0.0,0.0,0.0,0.0,0.0,0.0
2023-03-22,0.0,0.0,0.0,0.0,0.0,0.0
2023-03-23,0.0,0.0,0.0,0.0,0.0,0.0
2023-03-24,0.0,0.0,0.0,0.0,0.0,0.0
2023-03-27,0.0,0.0,0.0,0.0,0.0,0.0
2023-03-28,0.0,0.0,0.0,0.0,0.0,0.0
2023-03-29,0.0,0.0,0.0,0.0,0.0,0.0
2023-03-30,0.0,0.0,0.0,0.0,0.0,0.0
2023-03-31,0.0,0.0,0.0,0.0,0.0,0.0
2023-04-03,0.0,0.0,0.0,0.0,0.0,0.0
2023-04-04,0.0,0.0,0.0,0.0,0.0,0.0
2023-04-05,0.0,0.0,0.0,0.0,0.0,0.0
2023-07-10,0.0,0.0,0.0,0.0,0.0,0.0
2023-07-11,0.0,0.0,0.0,0.0,0.0,0.0
2023-07-12,0.0,0.0,0.0,0.0,0.0,0.0
2023-07-13,0.0,0.0,0.0,0.0,0.0,0.0
2023-07-14,0.0,0.0,0.0,0.0,0.0,0.0
2023-07-17,0.0,0.0,0.0,0.0,0.0,0.0
2023-07-18,0.0,0.0,0.0,0.0,0.0,0.0
2023-07-19,-0.001529834333651962,-0.001529834333651962,-0.001529834333651962,-0.001529834333651962,-0.001529834333651962,-0.001529834333651962
2023-07-20,0.0004438215830165499,0.0004438215830165499,0.0004438215830165499,0.0004438215830165499,0.0004438215830165499,0.0004438215830165499
2023-07-21,-0.0009171786503645816,-0.0009171786503645816,-0.0009171786503645816,-0.0009171786503645816,-0.0009171786503645816,-0.0009171786503645816
2023-07-24,0.006556825845338021,0.006556825845338021,0.006556825845338021,0.006556825845338021,0.006556825845338021,0.006556825845338021
2023-07-25,0.001794266913824237,0.001794266913824237,0.001794266913824237,0.001794266913824237,0.001794266913824237,0.001794266913824237
2023-07-26,0.0020630411393063497,0.0020630411393063497,0.0020630411393063497,0.0020630411393063497,0.0020630411393063497,0.0020630411393063497
2023-07-27,-0.0026281360254929954,-0.0026281360254929954,-0.0026281360254929954,-0.0026281360254929954,-0.0026281360254929954,-0.0026281360254929954
2023-07-28,0.00631593866819032,0.00631593866819032,0.00631593866819032,0.00631593866819032,0.00631593866819032,0.00631593866819032
2023-07-31,0.0005194136503922821,0.0005194136503922821,0.0005194136503922821,0.0005194136503922821,0.0005194136503922821,0.0005194136503922821
2023-08-01,-5.914764583028254e-05,-5.914764583028254e-05,-5.914764583028254e-05,-5.914764583028254e-05,-5.914764583028254e-05,-5.914764583028254e-05
2023-08-02,0.001029996178824635,0.001029996178824635,0.001029996178824635,0.001029996178824635,0.001029996178824635,0.001029996178824635
2023-08-03,0.003611893205064243,0.003611893205064243,0.003611893205064243,0.003611893205064243,0.003611893205064243,0.003611893205064243
2023-08-04,-0.0010281514536364495,-0.0010281514536364495,-0.0010281514536364495,-0.0010281514536364495,-0.0010281514536364495,-0.0010281514536364495
2023-08-07,-0.005183939663109957,-0.005183939663109957,-0.005183939663109957,-0.005183939663109957,-0.005183939663109957,-0.005183939663109957
2023-08-08,-0.0004392790056070415,-0.0004392790056070415,-0.0004392790056070415,-0.0004392790056070415,-0.0004392790056070415,-0.0004392790056070415
2023-08-09,0.0002775617357621442,0.0002775617357621442,0.0002775617357621442,0.0002775617357621442,0.0002775617357621442,0.0002775617357621442
2023-08-10,-0.0008125024557809456,-0.0008125024557809456,-0.0008125024557809456,-0.0008125024557809456,-0.0008125024557809456,-0.0008125024557809456
2023-08-11,-0.003362353754684864,-0.003362353754684864,-0.003362353754684864,-0.003362353754684864,-0.003362353754684864,-0.003362353754684864
2023-08-14,0.0002033623487377986,0.0002033623487377986,0.0002033623487377986,0.0002033623487377986,0.0002033623487377986,0.0002033623487377986
2023-08-15,0.00299200262313413,0.00299200262313413,0.00299200262313413,0.00299200262313413,0.00299200262313413,0.00299200262313413
2023-08-16,0.0014032167374647998,0.0014032167374647998,0.0014032167374647998,0.0014032167374647998,0.0014032167374647998,0.0014032167374647998
2023-08-17,0.005149228904913926,0.005149228904913926,0.005149228904913926,0.005149228904913926,0.005149228904913926,0.005149228904913926
2023-08-18,-0.002785252310247148,-0.002785252310247148,-0.002785252310247148,-0.002785252310247148,-0.002785252310247148,-0.002785252310247148
2023-08-21,-0.0007273971035738988,-0.0007273971035738988,-0.0007273971035738988,-0.0007273971035738988,-0.0007273971035738988,-0.0007273971035738988
2023-08-22,0.0004535809075134202,0.0004535809075134202,0.0004535809075134202,0.0004535809075134202,0.0004535809075134202,0.0004535809075134202
2023-08-23,0.0006617641737052953,0.0006617641737052953,0.0006617641737052953,0.0006617641737052953,0.0006617641737052953,0.0006617641737052953
2023-08-24,0.005113581222642504,0.005113581222642504,0.005113581222642504,0.005113581222642504,0.005113581222642504,0.005113581222642504
2023-08-25,-0.0038120044864802544,-0.0038120044864802544,-0.0038120044864802544,-0.0038120044864802544,-0.0038120044864802544,-0.0038120044864802544
2023-08-28,-0.0013704227353335493,-0.0013704227353335493,-0.0013704227353335493,-0.0013704227353335493,-0.0013704227353335493,-0.0013704227353335493
2023-08-29,-0.001,-0.001,-0.001,-0.001,-0.001,-0.001
2023-08-30,0.0,0.0,0.0,0.0,0.0,0.0
2023-08-31,0.0,0.0,0.0,0.0,0.0,0.0
2023-09-01,0.0,0.0,0.0,0.0,0.0,0.0
2023-09-05,0.0,0.0,0.0,0.0,0.0,0.0
2023-09-06,0.0,0.0,0.0,0.0,0.0,0.0
2023-09-07,0.0,0.0,0.0,0.0,0.0,0.0
2023-09-08,0.0,0.0,0.0,0.0,0.0,0.0
2023-09-11,0.0,0.0,0.0,0.0,0.0,0.0
2023-09-12,0.0,0.0,0.0,0.0,0.0,0.0
2023-09-13,0.0,0.0,0.0,0.0,0.0,0.0
2023-09-14,0.0,0.0,0.0,0.0,0.0,0.0
2023-09-15,0.0,0.0,0.0,0.0,0.0,0.0
2023-09-18,0.0,0.0,0.0,0.0,0.0,0.0
2023-09-19,0.0,0.0,0.0,0.0,0.0,0.0
2023-09-20,0.0,0.0,0.0,0.0,0.0,0.0
2023-09-21,0.0,0.0,0.0,0.0,0.0,0.0
2023-09-22,0.0,0.0,0.0,0.0,0.0,0.0
2023-09-25,0.0,0.0,0.0,0.0,0.0,0.0
2023-09-26,0.0,0.0,0.0,0.0,0.0,0.0
2023-09-27,0.0,0.0,0.0,0.0,0.0,0.0
2023-09-28,0.0,0.0,0.0,0.0,0.0,0.0
2023-09-29,0.0,0.0,0.0,0.0,0.0,0.0
2023-10-02,0.0,0.0,0.0,0.0,0.0,0.0
2023-10-03,-0.0022340510591723362,-0.0022340510591723362,-0.0022340510591723362,-0.0022340510591723362,-0.0022340510591723362,-0.0022340510591723362
2023-10-04,0.002112412247551543,0.002112412247551543,0.002112412247551543,0.002112412247551543,0.002112412247551543,0.002112412247551543
2023-10-05,0.0032175669456298156,0.0032175669456298156,0.0032175669456298156,0.0032175669456298156,0.0032175669456298156,0.0032175669456298156
2024-01-08,0.0,0.0,0.0,0.0,0.0,0.0
2024-01-09,0.0,0.0,0.0,0.0,0.0,0.0
2024-01-10,0.0,0.0,0.0,0.0,0.0,0.0
2024-01-11,0.0,0.0,0.0,0.0,0.0,0.0
2024-01-12,0.0,0.0,0.0,0.0,0.0,0.0
2024-01-16,0.0,0.0,0.0,0.0,0.0,0.0
2024-01-17,0.0,0.0,0.0,0.0,0.0,0.0
2024-01-18,0.0,0.0,0.0,0.0,0.0,0.0
2024-01-19,0.0,0.0,0.0,0.0,0.0,0.0
2024-01-22,0.0,0.0,0.0,0.0,0.0,0.0
2024-01-23,0.0,0.0,0.0,0.0,0.0,0.0
2024-01-24,0.0,0.0,0.0,0.0,0.0,0.0
2024-01-25,0.0,0.0,0.0,0.0,0.0,0.0
2024-01-26,0.0,0.0,0.0,0.0,0.0,0.0
2024-01-29,0.0,0.0,0.0,0.0,0.0,0.0
2024-01-30,0.0,0.0,0.0,0.0,0.0,0.0
2024-01-31,0.0,0.0,0.0,0.0,0.0,0.0
2024-02-01,0.0,0.0,0.0,0.0,0.0,0.0
2024-02-02,0.0,0.0,0.0,0.0,0.0,0.0
2024-02-05,0.008270651833637458,0.008270651833637458,0.008270651833637458,0.008270651833637458,0.008270651833637458,0.008270651833637458
2024-02-06,0.0005658894404587526,0.0005658894404587526,0.0005658894404587526,0.0005658894404587526,0.0005658894404587526,0.0005658894404587526
2024-02-07,-0.009551732000885754,-0.009551732000885754,-0.009551732000885754,-0.009551732000885754,-0.009551732000885754,-0.009551732000885754
2024-02-08,-0.00267084730808983,-0.00267084730808983,-0.00267084730808983,-0.00267084730808983,-0.00267084730808983,-0.00267084730808983
2024-02-09,0.017121308327958332,0.017121308327958332,0.017121308327958332,0.017121308327958332,0.017121308327958332,0.017121308327958332
2024-02-12,-0.00758416786419504,-0.00758416786419504,-0.00758416786419504,-0.00758416786419504,-0.00758416786419504,-0.00758416786419504
2024-02-13,-0.004047668464885543,-0.004047668464885543,-0.004047668464885543,-0.004047668464885543,-0.004047668464885543,-0.004047668464885543
2024-02-14,-0.004535400203084752,-0.004535400203084752,-0.004535400203084752,-0.004535400203084752,-0.004535400203084752,-0.004535400203084752
2024-02-15,-0.013755109793942339,-0.013755109793942339,-0.013755109793942339,-0.013755109793942339,-0.013755109793942339,-0.013755109793942339
2024-02-16,0.008622943792235363,0.008622943792235363,0.008622943792235363,0.008622943792235363,0.008622943792235363,0.008622943792235363
2024-02-20,-0.006684241980749783,-0.006684241980749783,-0.006684241980749783,-0.006684241980749783,-0.006684241980749783,-0.006684241980749783
2024-02-21,0.008081986265370066,0.008081986265370066,0.008081986265370066,0.008081986265370066,0.008081986265370066,0.008081986265370066
2024-02-22,0.0033678118385358953,0.0033678118385358953,0.0033678118385358953,0.0033678118385358953,0.0033678118385358953,0.0033678118385358953
2024-02-23,0.003202953317627005,0.003202953317627005,0.003202953317627005,0.003202953317627005,0.003202953317627005,0.003202953317627005
2024-02-26,0.0012087996842608955,0.0012087996842608955,0.0012087996842608955,0.0012087996842608955,0.0012087996842608955,0.0012087996842608955
2024-02-27,-0.008636158304775826,-0.008636158304775826,-0.008636158304775826,-0.008636158304775826,-0.008636158304775826,-0.008636158304775826
2024-02-28,0.0014558987719586827,0.0014558987719586827,0.0014558987719586827,0.0014558987719586827,0.0014558987719586827,0.0014558987719586827
2024-02-29,0.006307292804541825,0.006307292804541825,0.006307292804541825,0.006307292804541825,0.006307292804541825,0.006307292804541825
2024-03-01,-0.006082565984523979,-0.006082565984523979,-0.006082565984523979,-0.006082565984523979,-0.006082565984523979,-0.006082565984523979
2024-03-04,-0.001,-0.001,-0.001,-0.001,-0.001,-0.001
2024-03-05,0.0,0.0,0.0,0.0,0.0,0.0
2024-03-06,0.0,0.0,0.0,0.0,0.0,0.0
2024-03-07,-0.00425849064346351,-0.00425849064346351,-0.00425849064346351,-0.00425849064346351,-0.00425849064346351,-0.00425849064346351
2024-03-08,0.0005704045281994355,0.0005704045281994355,0.0005704045281994355,0.0005704045281994355,0.0005704045281994355,0.0005704045281994355
2024-03-11,0.008202210142704513,0.008202210142704513,0.008202210142704513,0.008202210142704513,0.008202210142704513,0.008202210142704513
2024-03-12,-0.003183228919251366,-0.003183228919251366,-0.003183228919251366,-0.003183228919251366,-0.003183228919251366,-0.003183228919251366
2024-03-13,0.007404850457118711,0.007404850457118711,0.007404850457118711,0.007404850457118711,0.007404850457118711,0.007404850457118711
2024-03-14,0.01029857231148701,0.01029857231148701,0.01029857231148701,0.01029857231148701,0.01029857231148701,0.01029857231148701
2024-03-15,-0.006912009822772504,-0.006912009822772504,-0.006912009822772504,-0.006912009822772504,-0.006912009822772504,-0.006912009822772504
2024-03-18,-0.01133716101667854,-0.01133716101667854,-0.01133716101667854,-0.01133716101667854,-0.01133716101667854,-0.01133716101667854
2024-03-19,0.0052562846414334246,0.0052562846414334246,0.0052562846414334246,0.0052562846414334246,0.0052562846414334246,0.0052562846414334246
2024-03-20,-0.0008584274322031722,-0.0008584274322031722,-0.0008584274322031722,-0.0008584274322031722,-0.0008584274322031722,-0.0008584274322031722
2024-03-21,-0.0019206080232644417,-0.0019206080232644417,-0.0019206080232644417,-0.0019206080232644417,-0.0019206080232644417,-0.0019206080232644417
2024-03-22,0.0007361700331777967,0.0007361700331777967,0.0007361700331777967,0.0007361700331777967,0.0007361700331777967,0.0007361700331777967
2024-03-25,0.008240490614523388,0.008240490614523388,0.008240490614523388,0.008240490614523388,0.008240490614523388,0.008240490614523388
2024-03-26,0.001698470243674993,0.001698470243674993,0.001698470243674993,0.001698470243674993,0.001698470243674993,0.001698470243674993
2024-03-27,0.00663600939918051,0.00663600939918051,0.00663600939918051,0.00663600939918051,0.00663600939918051,0.00663600939918051
2024-03-28,0.008999837828142496,0.008999837828142496,0.008999837828142496,0.008999837828142496,0.008999837828142496,0.008999837828142496
2024-04-01,-0.0032973097821702565,-0.0032973097821702565,-0.0032973097821702565,-0.0032973097821702565,-0.0032973097821702565,-0.0032973097821702565
2024-04-02,-0.006187086573939916,-0.006187086573939916,-0.006187086573939916,-0.006187086573939916,-0.006187086573939916,-0.006187086573939916
2024-04-03,-0.0027723829616697077,-0.0027723829616697077,-0.0027723829616697077,-0.0027723829616697077,-0.0027723829616697077,-0.0027723829616697077
2024-04-04,-0.001,-0.001,-0.001,-0.001,-0.001,-0.001
2024-04-05,0.0,0.0,0.0,0.0,0.0,0.0
2024-04-08,0.0,0.0,0.0,0.0,0.0,0.0
2024-07-10,0.0,0.0,0.0,0.0,0.0,0.0
2024-07-11,0.0,0.0,0.0,0.0,0.0,0.0
2024-07-12,0.0,0.0,0.0,0.0,0.0,0.0
2024-07-15,0.0,0.0,0.0,0.0,0.0,0.0
2024-07-16,0.0,0.0,0.0,0.0,0.0,0.0
2024-07-17,0.0,0.0,0.0,0.0,0.0,0.0
2024-07-18,0.02545785108630925,0.02545785108630925,0.02545785108630925,0.02545785108630925,0.02545785108630925,0.02545785108630925
2024-07-19,0.002614321550108251,0.002614321550108251,0.002614321550108251,0.002614321550108251,0.002614321550108251,0.002614321550108251
2024-07-22,0.013531465139596474,0.013531465139596474,0.013531465139596474,0.013531465139596474,0.013531465139596474,0.013531465139596474
2024-07-23,-0.008236917174197474,-0.008236917174197474,-0.008236917174197474,-0.008236917174197474,-0.008236917174197474,-0.008236917174197474
2024-07-24,-0.001,-0.001,-0.001,-0.001,-0.001,-0.001
2024-07-25,0.0,0.0,0.0,0.0,0.0,0.0
2024-07-26,0.0,0.0,0.0,0.0,0.0,0.0
2024-07-29,0.0,0.0,0.0,0.0,0.0,0.0
2024-07-30,0.0,0.0,0.0,0.0,0.0,0.0
2024-07-31,0.0,0.0,0.0,0.0,0.0,0.0
2024-08-01,0.0,0.0,0.0,0.0,0.0,0.0
2024-08-02,-0.030767577399260393,-0.030767577399260393,-0.030767577399260393,-0.030767577399260393,-0.030767577399260393,-0.030767577399260393
2024-08-05,-0.001,-0.001,-0.001,-0.001,-0.001,-0.001
2024-08-06,-0.01943458448183453,-0.01943458448183453,-0.01943458448183453,-0.01943458448183453,-0.01943458448183453,-0.01943458448183453
2024-08-07,0.008058927212363818,0.008058927212363818,0.008058927212363818,0.008058927212363818,0.008058927212363818,0.008058927212363818
2024-08-08,-0.014548046568283318,-0.014548046568283318,-0.014548046568283318,-0.014548046568283318,-0.014548046568283318,-0.014548046568283318
2024-08-09,-0.005528065610066865,-0.005528065610066865,-0.005528065610066865,-0.005528065610066865,-0.005528065610066865,-0.005528065610066865
2024-08-12,-0.001,-0.001,-0.001,-0.001,-0.001,-0.001
2024-08-13,0.0,0.0,0.0,0.0,0.0,0.0
2024-08-14,0.0,0.0,0.0,0.0,0.0,0.0
2024-08-15,0.0,0.0,0.0,0.0,0.0,0.0
2024-08-16,0.0,0.0,0.0,0.0,0.0,0.0
2024-08-19,0.0,0.0,0.0,0.0,0.0,0.0
2024-08-20,0.0,0.0,0.0,0.0,0.0,0.0
2024-08-21,0.0,0.0,0.0,0.0,0.0,0.0
2024-08-22,0.0,0.0,0.0,0.0,0.0,0.0
2024-08-23,0.0,0.0,0.0,0.0,0.0,0.0
2024-08-26,0.0,0.0,0.0,0.0,0.0,0.0
2024-08-27,0.0,0.0,0.0,0.0,0.0,0.0
2024-08-28,0.0,0.0,0.0,0.0,0.0,0.0
2024-08-29,0.0,0.0,0.0,0.0,0.0,0.0
2024-08-30,0.0,0.0,0.0,0.0,0.0,0.0
2024-09-03,0.0,0.0,0.0,0.0,0.0,0.0
2024-09-04,0.0,0.0,0.0,0.0,0.0,0.0
2024-09-05,0.0,0.0,0.0,0.0,0.0,0.0
2024-09-06,0.0,0.0,0.0,0.0,0.0,0.0
2024-09-09,0.0,0.0,0.0,0.0,0.0,0.0
2024-09-10,0.0,0.0,0.0,0.0,0.0,0.0
2024-09-11,0.0,0.0,0.0,0.0,0.0,0.0
2024-09-12,0.0,0.0,0.0,0.0,0.0,0.0
2024-09-13,0.0,0.0,0.0,0.0,0.0,0.0
2024-09-16,0.0,0.0,0.0,0.0,0.0,0.0
2024-09-17,0.0,0.0,0.0,0.0,0.0,0.0
2024-09-18,0.0,0.0,0.0,0.0,0.0,0.0
2024-09-19,0.0,0.0,0.0,0.0,0.0,0.0
2024-09-20,0.0,0.0,0.0,0.0,0.0,0.0
2024-09-23,0.0,0.0,0.0,0.0,0.0,0.0
2024-09-24,0.0,0.0,0.0,0.0,0.0,0.0
2024-09-25,0.0,0.0,0.0,0.0,0.0,0.0
2024-09-26,0.0,0.0,0.0,0.0,0.0,0.0
2024-09-27,0.0,0.0,0.0,0.0,0.0,0.0
2024-09-30,0.0,0.0,0.0,0.0,0.0,0.0
2024-10-01,0.0,0.0,0.0,0.0,0.0,0.0
2024-10-02,0.0,0.0,0.0,0.0,0.0,0.0
2024-10-03,0.0,0.0,0.0,0.0,0.0,0.0
2024-10-04,0.0,0.0,0.0,0.0,0.0,0.0
2024-10-07,0.0,0.0,0.0,0.0,0.0,0.0
