peer_group,ticker_y,ticker_x,correlation,coint_pvalue,adf_pvalue,hedge_ratio,intercept,ar1_coefficient,mean_reversion_speed,half_life,equilibrium_mean,residual_volatility,suggested_zscore_window,threshold_crossings,spread_mean,spread_std,observations,passed_correlation,passed_cointegration,passed_adf,passed_half_life,passed_crossings,selected_candidate,abs_correlation,universe_mode,pair,zscore_window,training_trade_count,training_sharpe,training_max_drawdown,training_profit_factor,stable_candidate
mega_cap_tech,META,AMZN,0.9517031330596666,0.037402893439970816,0.009332027802542118,0.5877204236951512,2.6440555096604736,0.9595398647389275,0.04130141698846049,16.78264890411893,-0.0067583666972807705,0.014103281037416412,34.0,32.0,-4.595970870194299e-15,0.0522534429748358,504,True,True,True,True,True,True,0.9517031330596666,stock_peer_groups,META/AMZN,34,23.0,0.6382824547073797,-0.07111696452019123,2.5553604705753012,True
semiconductors,NVDA,AMD,0.9140886916762588,0.25910360965337353,0.10457469539525244,0.853808344207714,-1.1947898806698762,0.9788512969750912,0.021375540761647025,32.42711790494778,0.04301084413944136,0.03725776417283447,65.0,24.0,4.863834203119734e-16,0.1983887050765138,504,True,False,False,True,True,False,0.9140886916762588,stock_peer_groups,NVDA/AMD,65,16.0,2.272471500762449,-0.14228292661925201,7.809260998322171,False
healthcare,UNH,JNJ,0.8434859937500813,0.16840320347254212,0.06022080459981869,1.0067924843816733,0.24826823350970695,0.9729313288450933,0.027441776013309202,25.258830923471223,0.024696502610710692,0.01317695264322791,51.0,36.0,-2.122993139310994e-14,0.06092929906387558,504,False,False,False,True,True,False,0.8434859937500813,stock_peer_groups,UNH/JNJ,51,18.0,1.6457802170453182,-0.04747993102956383,5.707499290875126,False
semiconductors,AMD,AVGO,0.8141016830163913,0.27863682202553125,0.11549943844974264,2.6983511125052577,-5.199427509684316,0.9752840227987363,0.025026544970878535,27.69647913311675,-0.014146108372599013,0.06382624890773307,55.0,26.0,-2.3825738560209707e-15,0.30416359391699366,504,False,False,False,True,True,False,0.8141016830163913,stock_peer_groups,AMD/AVGO,55,16.0,1.414335033036328,-0.10003611497529274,3.7342317308270365,False
retail_consumer,HD,TGT,-0.14667697051452372,0.29180209158242654,0.12175275296188537,-0.2246334464241634,5.456685330414784,0.9830846113675866,0.01706008790277394,40.62975434301489,0.0355999297867511,0.01407247974801545,81.0,22.0,-3.432880082491754e-14,0.08703424200687884,504,False,False,False,True,True,False,0.14667697051452372,stock_peer_groups,HD/TGT,81,13.0,1.3983678552362104,-0.054646211320003135,4.253229396667943,False
banks,JPM,BAC,0.7884080333893666,0.766999421728794,0.5427939684907571,0.605243620426704,2.3510411696848426,0.9921930104454245,0.007837623641689807,88.43843647619974,0.05779018658954172,0.007100413635451995,90.0,21.0,-2.5764223206380616e-15,0.06031612335885196,504,False,False,False,False,True,False,0.7884080333893666,stock_peer_groups,JPM/BAC,90,16.0,1.1995772745137778,-0.030855475534387167,2.456877077275126,False
semiconductors,AVGO,MU,-0.387605628265823,0.6666273783482008,0.4216778710409109,-0.1780565942157063,2.8663586537135997,0.9866949687998041,0.013394336149139733,51.749274681632016,0.07620028308742144,0.02516823467847661,90.0,22.0,-2.854859206178974e-15,0.1456691222436889,504,False,False,False,False,True,False,0.387605628265823,stock_peer_groups,AVGO/MU,90,13.0,1.1615921551387995,-0.1673038002121211,3.0771273256147107,False
banks,C,GS,0.9508954525738655,0.26639603968467096,0.109526935528786,0.887111185001317,-0.8184603017789993,0.9712032483547176,0.029219514000950533,23.722063978798438,-0.0072337061940631235,0.008952820370067326,47.0,30.0,5.655969519895936e-15,0.03520710480900885,504,True,False,False,True,True,False,0.9508954525738655,stock_peer_groups,C/GS,47,23.0,1.0074411710328635,-0.05936036088407437,2.356162865108913,False
healthcare,MRK,ABBV,0.703434070724711,0.5097057701682882,0.27173422977155337,0.7207419647065186,1.0161439882749432,0.9663068547993315,0.03427384013953783,20.223796859002682,0.004642067984009576,0.013726429568042976,40.0,40.0,-1.4066349496123808e-14,0.05381991983447641,504,False,False,False,True,True,False,0.703434070724711,stock_peer_groups,MRK/ABBV,40,25.0,0.8894732665382754,-0.08352692297088526,2.3038579219342608,False
retail_consumer,COST,LOW,0.7583659469647179,0.07983543806858157,0.023769518413520516,0.7346641136484557,1.834819947429756,0.958581725310525,0.04230045637476907,16.386281377649308,0.005506326729824688,0.01096625989272459,33.0,39.0,-1.0968298579788849e-14,0.03725711825389821,504,False,False,True,True,True,False,0.7583659469647179,stock_peer_groups,COST/LOW,33,26.0,0.8819176047212114,-0.046986747531445605,1.9408310108937943,False
healthcare,ABBV,JNJ,0.38701903333044174,0.4460368121768404,0.22229049695415903,0.3009733904250259,2.3626744962926547,0.9659259656116151,0.034668087860233204,19.99381054283744,-0.0016287904273515274,0.01754080530631699,40.0,31.0,2.8555641096866726e-14,0.06814406691939782,504,False,False,False,True,True,False,0.38701903333044174,stock_peer_groups,ABBV/JNJ,40,20.0,0.8178101729787702,-0.15505655469855872,2.1459034772372108,False
mega_cap_tech,GOOGL,AMZN,0.9405933828347043,0.0880074579165932,0.02665489595844207,0.5090984977653553,1.8200230668434827,0.9692758714088312,0.031206010593538558,22.21197671141811,-0.00318384401083365,0.012233194086850679,44.0,25.0,-6.426957731441184e-15,0.05064818062035081,504,True,False,True,True,True,False,0.9405933828347043,stock_peer_groups,GOOGL/AMZN,44,19.0,0.7273003560604752,-0.059292470522822605,1.8729592883514672,False
mega_cap_tech,AAPL,MSFT,-0.32463703882828954,0.41334116520863506,0.19957989313921637,-0.22869338777009626,4.09215179345218,0.9796072394604205,0.020603563710504508,33.64210144901057,0.01674108312549277,0.017879005389519944,67.0,29.0,2.008270093433061e-14,0.0869478198385994,504,False,False,False,True,True,False,0.32463703882828954,stock_peer_groups,AAPL/MSFT,67,16.0,0.6881233750344677,-0.1576559344910059,1.8958345308484292,False
semiconductors,NVDA,INTC,0.7191554384928796,0.4181530262103997,0.20307071199186172,4.050476364289397,-13.361898691047369,0.9845689578737892,0.015551339807096139,44.571541047779014,0.1859588365552432,0.05304283658710449,89.0,15.0,-3.313046486183007e-15,0.3399392636993335,504,False,False,False,True,True,False,0.7191554384928796,stock_peer_groups,NVDA/INTC,89,11.0,0.5686150626754103,-0.08475671451247291,2.1492671899291484,False
healthcare,MRK,JNJ,0.6513689383720387,0.42632267836832843,0.20843072895036024,0.5190141893343336,1.3964713170741465,0.9809277975766294,0.019256422964766286,35.99563542139707,0.0013731437985335432,0.011189792241503018,72.0,22.0,-3.866219513849414e-14,0.0574546057299418,504,False,False,False,True,True,False,0.6513689383720387,stock_peer_groups,MRK/JNJ,72,14.0,0.5666739494772712,-0.07709071873908546,1.718290583886348,False
banks,JPM,GS,0.6116301814235879,0.9546630526732764,0.8817944588182444,0.4918495303875113,1.437336356237669,0.9968515190492974,0.0031534478450392037,219.80613430799522,0.16104440828684766,0.008867282090129342,90.0,28.0,1.5860328923216523e-15,0.07757217334517967,504,False,False,False,False,True,False,0.6116301814235879,stock_peer_groups,JPM/GS,90,19.0,0.5369190058067719,-0.07879318650084566,1.5898728315756718,False
semiconductors,NVDA,AVGO,0.8871978816144656,0.22545073701154655,0.08734698178079559,2.746707175470711,-6.681187088815403,0.9718561515295262,0.02854747772720595,24.28050517049256,0.0031319024776977995,0.0539335818701784,49.0,31.0,9.237760468389e-15,0.22572418599010483,504,True,False,False,True,True,False,0.8871978816144656,stock_peer_groups,NVDA/AVGO,49,19.0,0.4736869981002825,-0.17960213737358832,1.488986481666656,False
energy,XOM,CVX,0.9097472499518287,0.15533993709567345,0.05410464908605712,0.5798376919961812,1.5858544204046212,0.9674025304339227,0.033140602890739,20.91534613432281,-0.002155721265514795,0.007631102046105832,42.0,31.0,1.1941946549797418e-14,0.029605049006253922,504,True,False,False,True,True,False,0.9097472499518287,stock_peer_groups,XOM/CVX,42,26.0,0.44188190640109243,-0.03607957477727852,1.3870463305538145,False
banks,GS,WFC,0.838454335713456,0.726841681513629,0.49240656444516895,1.5906242246651106,-0.8280402428351448,0.9861998103244367,0.013896297521843145,49.87998993763694,0.018747629434125133,0.012913043331704885,90.0,30.0,1.8001473327850752e-14,0.0664478985787236,504,False,False,False,False,True,False,0.838454335713456,stock_peer_groups,GS/WFC,90,17.0,0.41349819085761885,-0.07352579031441986,1.4764535958949256,False
mega_cap_tech,AAPL,GOOGL,-0.4628420819951143,0.2526178530831034,0.10189329145824216,-0.2852300668861382,4.231381312651969,0.9747547095249579,0.02556941961024249,27.108444036887224,0.016465595858616296,0.017989904980821186,54.0,29.0,1.5844468594293306e-14,0.08148756560579665,504,False,False,False,True,True,False,0.4628420819951143,stock_peer_groups,AAPL/GOOGL,54,22.0,0.33528109357184194,-0.17486982016100383,1.3172615943747037,False
semiconductors,AMD,QCOM,0.42744893180829435,0.984326473220771,0.9542181332538947,1.6649168041916866,-5.136239706363501,0.9987799801492749,0.001220764680809768,567.7975382611504,2.529140650897691,0.04639565211685097,90.0,20.0,-7.0490350769851205e-16,0.47350666187597384,504,False,False,False,False,True,False,0.42744893180829435,stock_peer_groups,AMD/QCOM,90,13.0,0.3070494990728275,-0.19692268458458217,1.360976127602533,False
mega_cap_tech,MSFT,GOOGL,0.8849542727424765,0.36900420994217603,0.16893188638550516,0.7741547022051329,1.0581200974232496,0.9771495772812797,0.023115540109859986,29.986198776479455,0.0020482025220148864,0.013297972317321287,60.0,26.0,-2.2757809746046463e-14,0.06076755277902998,504,True,False,False,True,True,False,0.8849542727424765,stock_peer_groups,MSFT/GOOGL,60,19.0,0.2892715451607542,-0.11870460846748498,1.359604524364282,False
healthcare,PFE,JNJ,0.45851474967140116,0.30124797267586934,0.12812819981528112,0.2628300242206102,1.8207531599351352,0.9713796926251411,0.029037854554461482,23.87046809053762,0.0045768789520710465,0.0109394009805429,48.0,31.0,-6.770598191444208e-15,0.048410320727279604,504,False,False,False,True,True,False,0.45851474967140116,stock_peer_groups,PFE/JNJ,48,18.0,0.26812918379307477,-0.15395191514358475,1.2843296543889955,False
energy,XOM,EOG,0.6021488060595839,0.5691938023391633,0.32302297557379395,0.3701686597572814,2.459496631784634,0.9853941986452119,0.014713516199111478,47.109553636254745,-6.194622823938279e-06,0.00970430186420201,90.0,22.0,1.311825427826931e-14,0.05693238450299946,504,False,False,False,False,True,False,0.6021488060595839,stock_peer_groups,XOM/EOG,90,10.0,0.25622915273307606,-0.04959037876498118,1.4762133121164687,False
healthcare,UNH,MRK,0.6157470679097596,0.605159830307612,0.3581763428640017,0.9223850502336751,1.2720394657745144,0.9869749577285469,0.013110611979401224,52.86917053521113,0.06212431300784966,0.014063351401674166,90.0,17.0,-7.200589331140301e-15,0.08937682854995457,504,False,False,False,False,True,False,0.6157470679097596,stock_peer_groups,UNH/MRK,90,12.0,0.2415706079163716,-0.06416333010196307,1.3246660419355696,False
semiconductors,QCOM,MU,0.798161328223035,0.537071508701584,0.2948365803726496,0.31201119450977277,2.914847077058753,0.976626273548348,0.023651224636028517,29.307031294441153,0.006658358144295673,0.017520933959853338,59.0,25.0,3.408208459722306e-15,0.08101154313955053,504,False,False,False,True,True,False,0.798161328223035,stock_peer_groups,QCOM/MU,59,19.0,0.23466907355010658,-0.11033900487210568,1.282125841756799,False
banks,JPM,MS,0.5564279912291643,0.9744788356568828,0.9223532672868857,0.33728192077800745,2.811896154505418,0.9982584498514198,0.0017430684100486385,397.6591948795651,0.37537437048090666,0.00980513062328251,90.0,25.0,-1.0651092001324518e-14,0.08146988623032164,504,False,False,False,False,True,False,0.5564279912291643,stock_peer_groups,JPM/MS,90,17.0,0.2229717742484625,-0.09857121924323353,1.2316134506557572,False
mega_cap_tech,MSFT,META,0.8866794056296893,0.3939821445844197,0.1865130287007168,0.6798360016141811,0.6513957717291798,0.9760247866420033,0.02426729674192775,28.56301581223764,0.00617634887834932,0.014282576725502948,57.0,27.0,2.7101777612238544e-14,0.06033781327714591,504,True,False,False,True,True,False,0.8866794056296893,stock_peer_groups,MSFT/META,57,17.0,0.2191173216977677,-0.11066656961837718,1.2843128193875122,False
mega_cap_tech,GOOGL,META,0.9397669372000261,0.1331156021014399,0.04453112284801873,0.8236653075936626,-0.274087041870946,0.9668627051394598,0.03369877381637035,20.568914000758834,0.005176508538798436,0.013012805414906604,41.0,24.0,1.583741955921632e-14,0.050988403594527935,504,True,False,True,True,True,False,0.9397669372000261,stock_peer_groups,GOOGL/META,41,19.0,0.19441899739022425,-0.08541288564616012,1.2488420180810431,False
energy,XOM,SLB,0.5133728307738751,0.7717602411789162,0.5483850454397712,0.4670478840603246,2.0739166203832684,0.9876616250624335,0.0124151246501889,55.83086759820803,0.004112646398158511,0.009848446780168671,90.0,21.0,3.1005180786119054e-14,0.061195397267932695,504,False,False,False,False,True,False,0.5133728307738751,stock_peer_groups,XOM/SLB,90,13.0,0.0936154780460012,-0.05676813391924662,1.1393511198181572,False
healthcare,UNH,PFE,0.46374771851267,0.9578320772791304,0.8798149842346268,0.965655484011703,1.7866376741087049,0.99585953839208,0.0041490570533624675,167.06137602957443,0.1884634578599512,0.01295940226952968,90.0,19.0,7.401486830834377e-15,0.10049566973405373,504,False,False,False,False,True,False,0.46374771851267,stock_peer_groups,UNH/PFE,90,14.0,0.09132871732377255,-0.07528410402819785,1.119284998893829,False
energy,CVX,SLB,0.6542438543616607,0.8754811996382673,0.7054184132395078,0.9338615367228382,0.31836305295005585,0.9936486858543264,0.006371569552544996,108.78750908135052,0.03233010381986032,0.011487074115639066,90.0,20.0,1.8852644313396704e-14,0.08461486057958967,504,False,False,False,False,True,False,0.6542438543616607,stock_peer_groups,CVX/SLB,90,14.0,0.05866211982745145,-0.09615020354361714,1.0968985130567497,False
mega_cap_tech,AAPL,META,-0.4873257698078307,0.2264919084297506,0.0879325381085923,-0.26321610314849375,4.439962715150777,0.9734982328292818,0.026859269447049725,25.806628208053585,0.014628752649022792,0.01813549096796152,52.0,28.0,3.562053650277506e-14,0.08027224800400119,504,False,False,False,True,True,False,0.4873257698078307,stock_peer_groups,AAPL/META,52,20.0,0.0536859515166178,-0.17921123387112026,1.0991869655467668,False
healthcare,MRK,PFE,0.5749971771736524,0.5866231449845266,0.33915915654962114,0.7992750104622441,1.2937324592666584,0.9856736732047859,0.014429939397482076,48.03534938482795,0.0011085245819230985,0.01054028866134776,90.0,15.0,6.307124135132437e-15,0.06195203134272228,504,False,False,False,False,True,False,0.5749971771736524,stock_peer_groups,MRK/PFE,90,12.0,0.04905386338845935,-0.06449128467395893,1.0671333513087924,False
banks,MS,WFC,0.7486455081751586,0.6894943132788897,0.4459443244951399,1.8841855139826649,-3.6939663512093834,0.9896480303787986,0.010405923937351643,66.61082521196619,0.00039436489494331755,0.015434922784664741,90.0,28.0,-1.9173375409399528e-15,0.10724094876913906,504,False,False,False,False,True,False,0.7486455081751586,stock_peer_groups,MS/WFC,90,20.0,0.03405248539348696,-0.12808353187624255,1.0489824769779221,False
semiconductors,INTC,QCOM,0.3986094306075949,0.6686674737587874,0.4230540059657951,0.2574806491068634,2.275842493007998,0.9869335443608873,0.01315257275683529,52.700501519729066,0.011386931546779585,0.013570846144861487,90.0,18.0,7.782134724991574e-15,0.0796625028880851,504,False,False,False,False,True,False,0.3986094306075949,stock_peer_groups,INTC/QCOM,90,12.0,0.009287101283781789,-0.13342521442310729,1.055110681877223,False
retail_consumer,LOW,TGT,-0.10700600723206512,0.12021401042931479,0.03915367570496816,-0.10989383550452465,4.5285459483647985,0.9682949517376744,0.03221853590950885,21.51392547776737,0.005211365280301448,0.014094354444968123,43.0,39.0,-2.3589595885130708e-14,0.05866307357466803,504,False,False,True,True,True,False,0.10700600723206512,stock_peer_groups,LOW/TGT,43,19.0,-0.02393104061991666,-0.14756332366222558,1.013891790162959,False
retail_consumer,COST,HD,0.8218354704282254,0.048398933005994134,0.01297744369077919,0.5338848133900513,2.4054486562018442,0.9561595045649732,0.0448305340686841,15.46149727991164,0.0007361569337703968,0.009560549073384064,31.0,43.0,3.101575433873453e-16,0.03256422584999488,504,False,True,True,True,True,False,0.8218354704282254,stock_peer_groups,COST/HD,31,27.0,-0.03611107628054689,-0.06786455941147518,0.9827670110807515,False
energy,EOG,SLB,0.8270327701276176,0.27927942109092435,0.11631048234942049,1.2239267573591925,-0.8875797743751238,0.9737151367131699,0.026636485556821857,26.022471285909702,0.005198451628675112,0.015352840608230238,52.0,33.0,-1.1225588360098805e-14,0.06520890121308649,504,False,False,False,True,True,False,0.8270327701276176,stock_peer_groups,EOG/SLB,52,15.0,-0.06826988562539806,-0.06300223752710787,0.937099110128531,False
mega_cap_tech,AAPL,AMZN,-0.41266738820731486,0.3275510845584785,0.14416874194197205,-0.1376456563458191,3.6869416460472735,0.9784534545534067,0.021782061439485,31.82192752901966,0.02000325767737826,0.016882325175385803,64.0,26.0,1.17013982277953e-15,0.08373434891408514,504,False,False,False,True,True,False,0.41266738820731486,stock_peer_groups,AAPL/AMZN,64,16.0,-0.11188221386043114,-0.20328489364846702,0.9557982134283807,False
banks,BAC,GS,0.9073363184882798,0.5290674281966911,0.28791372677646077,0.9504569889567869,-2.195531712478121,0.9837420531179673,0.01639155743515531,42.286840850969924,0.0015071956061508227,0.009783009594341592,85.0,18.0,-2.2909364000201644e-15,0.05369573137232432,504,True,False,False,True,True,False,0.9073363184882798,stock_peer_groups,BAC/GS,85,15.0,-0.1537575396694975,-0.07895114276410942,0.8965276934892638,False
healthcare,UNH,ABBV,0.42029373948307597,0.6228701762903202,0.3756778040751512,0.6450884018977379,2.281866753688415,0.9885162849213228,0.01155016213051216,60.01190050214556,0.08324162612814368,0.01456281001788028,90.0,12.0,-4.1279149410824866e-14,0.1029254414585423,504,False,False,False,False,True,False,0.42029373948307597,stock_peer_groups,UNH/ABBV,90,10.0,-0.16409827332954108,-0.10143444936822532,0.8784255427773618,False
energy,COP,SLB,0.6317419761310707,0.33548588262923806,0.14540298639230587,1.418984324731527,-2.218484574674518,0.9898668937718934,0.010184795628273015,68.05705346072602,-0.05612104338894423,0.017227431006692,90.0,16.0,-8.776048670846476e-15,0.13647679121558137,504,False,False,False,False,True,False,0.6317419761310707,stock_peer_groups,COP/SLB,90,13.0,-0.1659957606371071,-0.10286860962899358,0.8813872221044736,False
healthcare,PFE,ABBV,0.6387459369941855,0.12323882670824127,0.039744342878221955,0.47081906250067374,1.2386511218328429,0.9580050201045593,0.04290226083235559,16.15642549161872,0.004615341848409667,0.010982698078482171,32.0,42.0,-4.403003534961831e-15,0.04191325751709748,504,False,False,True,True,True,False,0.6387459369941855,stock_peer_groups,PFE/ABBV,32,20.0,-0.23477579829687198,-0.09585549619206835,0.7418136721664917,False
banks,C,MS,0.9457501819968738,0.18053933810113804,0.06547482550604855,0.6650624964369902,1.4801761509518185,0.9704570956752233,0.029988085825078305,23.114085527269072,0.0012496630537481765,0.008889160947709298,46.0,28.0,1.0977991003019702e-14,0.03695686650783266,504,True,False,False,True,True,False,0.9457501819968738,stock_peer_groups,C/MS,46,19.0,-0.26310173386163976,-0.09692633747360835,0.8005538876436645,False
semiconductors,INTC,MU,0.1461520127345819,0.7116543889263945,0.4730148361335089,0.036904669539140185,3.148771421823043,0.988001553079117,0.012071009293078657,57.42247095753508,0.01244591623273019,0.014233434443158862,90.0,17.0,-5.956434640052427e-15,0.08592881140669742,504,False,False,False,False,True,False,0.1461520127345819,stock_peer_groups,INTC/MU,90,12.0,-0.30099376353297036,-0.16766728253367125,0.7213423463965344,False
semiconductors,INTC,AVGO,0.5793020347532434,0.16507573917863938,0.05820897511139881,0.31842971388242125,2.499855255311722,0.9778447926816762,0.02240432023078179,30.93810360769683,-0.011787861041776778,0.01254229762372617,62.0,17.0,-3.0072945897187774e-15,0.07080194975865055,504,False,False,False,True,True,False,0.5793020347532434,stock_peer_groups,INTC/AVGO,62,14.0,-0.3107943971141765,-0.1529674876060091,0.7864914017790042,False
semiconductors,AMD,INTC,0.7747825042982522,0.5448527675968938,0.30223756140749075,4.6718735527202195,-14.01574970756565,0.9794021868540401,0.02081290686564696,33.303717978195024,0.11148151507114364,0.06778441176021993,67.0,22.0,-2.5376526277146436e-15,0.3311405157806089,504,False,False,False,True,True,False,0.7747825042982522,stock_peer_groups,AMD/INTC,67,13.0,-0.31939963145752964,-0.1931042622142244,0.726377989478429,False
retail_consumer,COST,TGT,-0.18382058911097068,0.23946854202936918,0.09454582550964502,-0.18288131183723583,5.5707212466175475,0.9724792172432386,0.027906574161857472,24.838132281651916,0.012912977364386548,0.01247970299999157,50.0,34.0,-2.502407452329718e-16,0.056183827331911566,504,False,False,False,True,True,False,0.18382058911097068,stock_peer_groups,COST/TGT,50,18.0,-0.3230594965488596,-0.17966837828969762,0.805118798677159,False
banks,C,WFC,0.8402886334728381,0.35884644251954645,0.1632768222295145,1.4871745711014435,-1.8308064712338192,0.9827655393724227,0.01738470267348333,39.87109780239118,0.0005088222952431194,0.011449209561811014,80.0,22.0,1.6455091257837142e-14,0.06166849407805782,504,False,False,False,True,True,False,0.8402886334728381,stock_peer_groups,C/WFC,80,19.0,-0.3233456391780954,-0.06681643460413789,0.7902116661965777,False
semiconductors,QCOM,AVGO,0.09809040025508967,0.6866589486793129,0.44203250639381,0.08347146068925866,3.5968714999075457,0.9885607724480084,0.011505158799430745,60.24664175815122,-0.020031007439974755,0.01826976317395714,90.0,24.0,1.3981761075199987e-14,0.13382305516838203,504,False,False,False,False,True,False,0.09809040025508967,stock_peer_groups,QCOM/AVGO,90,16.0,-0.3500187407795175,-0.18787669067061696,0.6699513098080128,False
retail_consumer,WMT,HD,-0.37044318019001404,0.5246387150320126,0.2840667666609009,-0.4086393352071762,4.832468751804454,0.984770978904122,0.015346173571172423,45.167427394540404,-0.005127167859563695,0.015331519603645493,90.0,21.0,2.148017213834291e-14,0.09015284188040276,504,False,False,False,False,True,False,0.37044318019001404,stock_peer_groups,WMT/HD,90,17.0,-0.3702990638865168,-0.1385176535733308,0.7327383036130622,False
mega_cap_tech,MSFT,AMZN,0.874345475255517,0.2135197492370719,0.08125595172866662,0.4139900363205464,2.4006087541474126,0.9742270554395345,0.026110886039329144,26.546291057143844,-0.0024974361052860056,0.013702603380843526,53.0,26.0,1.3581728334581081e-14,0.06332861315384243,504,True,False,False,True,True,False,0.874345475255517,stock_peer_groups,MSFT/AMZN,53,18.0,-0.4328426030274192,-0.13138102742364766,0.7088098230030362,False
banks,GS,MS,0.9565247400834989,0.7425395804479418,0.5125478308406274,0.721002793684538,2.6824591308699635,0.9866446590166997,0.013445325631544191,51.55302292818754,0.021427880909255386,0.00684920345493922,90.0,24.0,9.880984919163893e-15,0.035560752260038436,504,True,False,False,False,True,False,0.9565247400834989,stock_peer_groups,GS/MS,90,15.0,-0.43678059723301854,-0.07335039250475783,0.6796318001935211,False
banks,BAC,MS,0.8905896584690396,0.8921174452881464,0.7345805155154794,0.7032059900210406,0.2969881428882136,0.9921081761724765,0.007923129081662166,87.48401968664284,0.03725683136114443,0.009720897784785482,90.0,14.0,1.0159421804704805e-14,0.05808970532692538,504,True,False,False,False,True,False,0.8905896584690396,stock_peer_groups,BAC/MS,90,14.0,-0.45075887842606693,-0.08412265714192291,0.7251098035178072,False
energy,CVX,COP,0.23033280292745756,0.9455587974098165,0.8448831164386686,0.1463729298091099,3.603358001057802,0.9960108839699084,0.003997093776614517,173.41278921582654,0.08333606742135591,0.013702045569262711,90.0,16.0,3.1544431969508414e-15,0.10887413423094577,504,False,False,False,False,True,False,0.23033280292745756,stock_peer_groups,CVX/COP,90,12.0,-0.46188750911793586,-0.19432965553908832,0.7074154886573045,False
semiconductors,AMD,MU,-0.03491787637947543,0.9937436804391948,0.9910939952354203,-0.053166199664186536,1.3307027314608804,1.0022465066888007,,,,0.04349980139460519,60.0,28.0,-1.409807015397024e-16,0.523448270132511,504,False,False,False,False,True,False,0.03491787637947543,stock_peer_groups,AMD/MU,60,18.0,-0.46553005634996597,-0.546236382526553,0.7768448517131032,False
retail_consumer,WMT,TGT,0.0953784737056611,0.5471686513903944,0.3030066098269341,0.16113186077080763,2.3250595776033633,0.9893301847543405,0.010727145893976038,64.61617912264909,-0.030629355307981478,0.011765729335338843,90.0,11.0,2.900677934179377e-15,0.09661554277128079,504,False,False,False,False,True,False,0.0953784737056611,stock_peer_groups,WMT/TGT,90,12.0,-0.4940770773345083,-0.2069190331242935,0.6292623880298198,False
banks,BAC,C,0.8975694952845055,0.9807536092568175,0.95831388179293,1.0078292839810032,-1.0899570753296415,0.9985168911344573,0.0014842097601285463,467.0142989087421,0.17998357225907513,0.007472092287458717,90.0,20.0,-7.246408059140704e-15,0.05630991204681573,504,True,False,False,False,True,False,0.8975694952845055,stock_peer_groups,BAC/C,90,23.0,-0.5070469307253274,-0.08082566384482448,0.7285819213683987,False
retail_consumer,COST,WMT,-0.256111774756882,0.39384195866480565,0.1866199429222316,-0.15082511541253732,5.286531493639771,0.9753309824396907,0.02497839642199787,27.749867079117507,0.012179608803997587,0.012094918353675554,55.0,30.0,1.538275679675078e-14,0.05525143273882933,504,False,False,False,True,True,False,0.256111774756882,stock_peer_groups,COST/WMT,55,18.0,-0.5443882469352526,-0.2045625544129014,0.6220890995862633,False
retail_consumer,HD,LOW,0.7406349677696463,0.899731426939639,0.7509891361434624,1.10446391069454,0.0416711111140039,0.9892692369221314,0.010788752939404919,64.24720117820935,0.038912378932795665,0.009173740317267963,90.0,22.0,-2.984208999841651e-14,0.059118368020387835,504,False,False,False,False,True,False,0.7406349677696463,stock_peer_groups,HD/LOW,90,15.0,-0.5484308054741923,-0.10600569168640717,0.5834598775509984,False
energy,XOM,COP,0.005736154235307802,0.5756074277270207,0.3290535480039684,0.0023233331280210177,3.9696001977363107,0.9843938802852867,0.015729177179717706,44.06760586648724,0.005012496242902274,0.013052489444236873,88.0,24.0,2.3462713253744976e-14,0.07130836366475335,504,False,False,False,True,True,False,0.005736154235307802,stock_peer_groups,XOM/COP,88,14.0,-0.5493917611506007,-0.17221791494050565,0.6456870039929652,False
energy,CVX,EOG,0.7792500592204233,0.6592191328258628,0.4126251217376456,0.7516003425707141,1.0423685925550754,0.9868982914886216,0.01318829299564101,52.55776322144527,0.0076035003809551745,0.011838354852270873,90.0,26.0,4.340443348653588e-14,0.07011819316647112,504,False,False,False,False,True,False,0.7792500592204233,stock_peer_groups,CVX/EOG,90,15.0,-0.5692881350074079,-0.1320969457582054,0.6442025123581877,False
energy,COP,EOG,0.556236470964577,0.769777025717422,0.5454688020569773,0.8442374497331961,0.10318744007314262,0.9933685695062721,0.006653516122615575,104.17757585405249,-0.10025849451812938,0.014720862585918437,90.0,14.0,2.6405685398386264e-14,0.1463088338232937,504,False,False,False,False,True,False,0.556236470964577,stock_peer_groups,COP/EOG,90,16.0,-0.6277372511075842,-0.16631031537997432,0.6617596552905786,False
retail_consumer,WMT,LOW,-0.008937367057788704,0.5398942102254524,0.29678138830356904,-0.014701968123932985,3.0302590155465605,0.9884742274178521,0.011592709126276274,59.791647751157974,-0.02762986986430639,0.012677737733059037,90.0,22.0,3.308112161629117e-14,0.09705414597791254,504,False,False,False,False,True,False,0.008937367057788704,stock_peer_groups,WMT/LOW,90,15.0,-0.7838344915743246,-0.24329531304644614,0.44452655433097255,False
banks,BAC,WFC,0.6928661080408072,0.9677892279925131,0.9021950916259137,1.3768976829065886,-2.490142134036061,0.9975611337420275,0.0024418451366614497,283.86205584995986,0.12010913777689261,0.011229410301674916,90.0,19.0,8.035899987763038e-16,0.09209722069691716,504,False,False,False,False,True,False,0.6928661080408072,stock_peer_groups,BAC/WFC,90,15.0,-0.7947460415496039,-0.13473210370939703,0.49578268175601453,False
semiconductors,NVDA,MU,-0.33408042068540916,1.0,0.997147890887268,-0.4751282761947643,1.1525683881425728,1.0046625258460207,,,,0.03396661548012712,60.0,33.0,-1.0150610510858574e-15,0.4611186045043494,504,False,False,False,False,True,False,0.33408042068540916,stock_peer_groups,NVDA/MU,60,16.0,-1.0793027974208398,-0.5249084341156303,0.3179068161357723,False
banks,JPM,C,0.5648939943174572,0.9916574601198466,0.9809493412698361,0.48692831116456153,2.1339421790891433,1.001654991052582,,,,0.0077202872987896295,60.0,32.0,1.3632833838889224e-14,0.08090782529989565,504,False,False,False,False,True,False,0.5648939943174572,stock_peer_groups,JPM/C,60,19.0,-1.0919357915190377,-0.10811803384471386,0.39510026522189345,False
banks,JPM,WFC,0.34540673199613403,0.9932477899596841,0.9919473033433465,0.5269414090028712,1.962184972826499,1.002810611988932,,,,0.009303221757036559,60.0,35.0,-1.2289992656723558e-14,0.09201594543780944,504,False,False,False,False,True,False,0.34540673199613403,stock_peer_groups,JPM/WFC,60,21.0,-1.4021720104858262,-0.18735578855350166,0.31296221293764354,False
semiconductors,NVDA,QCOM,0.13633030336824953,1.0,0.9944168430741506,0.4959898170556519,-2.0684703943651854,1.0021783020920974,,,,0.02319809920947176,60.0,27.0,-9.586687704699764e-16,0.484659670505089,504,False,False,False,False,True,False,0.13633030336824953,stock_peer_groups,NVDA/QCOM,60,15.0,-1.4412769527035116,-0.5104239778868432,0.11984357306312639,False
financials,XLF,KRE,0.9471432126135967,0.12626067286114406,0.041091414335196495,0.6409837983131572,0.5481310810467065,0.9648429583556647,0.03578992834159734,19.367101658997328,-0.002595875355339573,0.005142380483102519,39.0,44.0,1.784287003861859e-15,0.021135483351438316,504,True,False,True,True,True,False,0.9471432126135967,etf_peer_groups,XLF/KRE,39,26.0,0.6543079993892881,-0.044635633556615706,1.7017907261187875,False
financials,VFH,KRE,0.947871711649267,0.2826518049061961,0.11578408324244349,0.662217308388669,1.3754433721854493,0.9751620010496749,0.02515166686374674,27.55869757320291,-0.0017543351886502225,0.004624218780285647,55.0,33.0,4.819777733888576e-16,0.021672016726112003,504,True,False,False,True,True,False,0.947871711649267,etf_peer_groups,VFH/KRE,55,19.0,0.6156474594175665,-0.029534781889168693,1.8210404969556155,False
international_equity,EFA,EEM,0.839663446332244,0.20937746118234352,0.07833390294736962,0.48226059954876493,2.160643900437446,0.9716383507375103,0.02877161089833009,24.091358075476258,0.002590034409036604,0.006515573354511061,48.0,36.0,6.314173170209422e-15,0.02856189168594524,504,False,False,False,True,True,False,0.839663446332244,etf_peer_groups,EFA/EEM,48,24.0,0.44021391691674466,-0.05155643468880655,1.3945490269184655,False
energy,XLE,OIH,0.9277894865275679,0.5229892231611927,0.2829061848577594,0.7412065139646322,-1.4953383490242722,0.9815345447998461,0.018638069960534874,37.18985828616631,0.0029655830358451436,0.007020321586407511,74.0,27.0,-2.8204951601786714e-14,0.03627617911115026,504,True,False,False,True,True,False,0.9277894865275679,etf_peer_groups,XLE/OIH,74,14.0,0.3129693534080919,-0.03389297905974464,1.3300588190588365,False
energy,VDE,XOP,0.9514557099081443,0.6509925792593598,0.4042159917746664,0.5017957472453685,1.7787624850574089,0.9845517357067652,0.015568832048257911,44.52146303662551,0.006479963396626385,0.0061987194990483436,89.0,14.0,-1.1512836539485948e-14,0.03152385702579955,504,True,False,False,True,True,False,0.9514557099081443,etf_peer_groups,VDE/XOP,89,11.0,0.2761918524877238,-0.02801830645556047,1.3396099518103777,False
international_equity,VEA,VWO,0.8738649483045723,0.057273234660354465,0.015492773852341896,0.4601958859897717,1.790211807197562,0.9607836752429831,0.04000599915693752,17.3260809670278,0.002446529782184784,0.0063355930528182945,35.0,38.0,-7.574188190220513e-15,0.023978947179692987,504,True,False,True,True,True,False,0.8738649483045723,etf_peer_groups,VEA/VWO,35,25.0,0.258982182649757,-0.05528180411752803,1.282425419693005,False
energy,XLE,XOP,0.9423099640699132,0.6713886952051051,0.4265705557468634,0.4717726692875274,0.8424415241149289,0.9849623865195765,0.015151824813704178,45.74677895780733,0.00794522325165818,0.006388093893550128,90.0,17.0,4.858547426811994e-15,0.03254626760312351,504,True,False,False,False,True,False,0.9423099640699132,etf_peer_groups,XLE/XOP,90,12.0,0.17107657943897145,-0.03493962899594394,1.177369692418055,False
international_equity,IEFA,VWO,0.8428100022603414,0.0829006770879786,0.024307475988164563,0.4343606311343984,2.2559522169113753,0.9626421603490894,0.03807352466264158,18.20549021141911,0.0023920227700356214,0.006734044261433202,36.0,34.0,-2.2750760710969476e-15,0.02597874511503819,504,False,False,True,True,True,False,0.8428100022603414,etf_peer_groups,IEFA/VWO,36,24.0,0.1446996781963556,-0.07081959821244543,1.1457125973630178,False
energy,VDE,OIH,0.9375206230865446,0.5215548130575693,0.28163569487258255,0.7889873054164254,-0.711595117185601,0.9812366808962568,0.018941583586551375,36.59394038479884,0.001674320177119099,0.006917856596480598,73.0,21.0,3.898997526957395e-14,0.035635465334368725,504,True,False,False,True,True,False,0.9375206230865446,etf_peer_groups,VDE/OIH,73,14.0,0.12953857618624529,-0.04809111026616797,1.133019602354259,False
international_equity,EFA,VWO,0.8403963530291229,0.20848284587253657,0.07802883480758645,0.47189025071694807,2.2179850178947955,0.9710091475668313,0.029419389966051035,23.560895768396737,0.00204106557172083,0.006623978319265497,47.0,34.0,4.923751001274107e-15,0.028502213800227074,504,False,False,False,True,True,False,0.8403963530291229,etf_peer_groups,EFA/VWO,47,22.0,0.05289050364142184,-0.08194333370740092,1.0554886264696806,False
financials,XLF,KBE,0.9513615133567771,0.3148192049894424,0.13571208716608574,0.6814020445192364,0.5503572414381749,0.9729898361346728,0.027381642755446408,25.314302240762135,-0.0015453575961726113,0.004492643082000268,51.0,33.0,-2.520030040022181e-15,0.020296527868990524,504,True,False,False,True,True,False,0.9513615133567771,etf_peer_groups,XLF/KBE,51,20.0,0.025857101801300582,-0.02834277194636292,1.0334079756755976,False
energy,XOP,OIH,0.9585099884758208,0.15878921374154886,0.0558080730288818,1.5294927724924805,-4.696311266833022,0.9578689569165043,0.04304429855499887,16.10311246387933,-0.0032079848234656066,0.01636400365866495,32.0,42.0,-3.424421240399372e-14,0.05535886737468841,504,True,False,False,True,True,False,0.9585099884758208,etf_peer_groups,XOP/OIH,32,26.0,-0.02902775674013934,-0.10693257332235562,0.9974478800702447,False
financials,VFH,KBE,0.9321699752965612,0.6661408454768831,0.4188088470201857,0.6892432614778978,1.4257350318693058,0.9868772204050434,0.013209644039315443,52.472812930988404,0.0012770039096842065,0.004057306776562466,90.0,23.0,-1.770277046646351e-14,0.024621588669366187,504,True,False,False,False,True,False,0.9321699752965612,etf_peer_groups,VFH/KBE,90,14.0,-0.19635237022471894,-0.029399432228304212,0.839877996927235,False
international_equity,VEA,EEM,0.8699554149516162,0.06527823206315672,0.018084853781838835,0.46861382470162105,1.739964773377963,0.9627212847239013,0.037991333037929,18.244876531916773,0.0029407207710734936,0.006216699184905371,36.0,40.0,-1.492016386982363e-14,0.02432231087149976,504,True,False,True,True,True,False,0.8699554149516162,etf_peer_groups,VEA/EEM,36,23.0,-0.2125729276380526,-0.06865863965965968,0.8333919855279682,False
nasdaq_growth,QQQ,XLK,0.9462645078385469,0.29683708097331407,0.12599907329975107,0.7640638780045259,2.3600015595370625,0.9775841279212778,0.022670926456347933,30.57427678990427,0.0011460788036000836,0.003500668972765184,61.0,27.0,7.272841940679398e-15,0.017138428672884388,504,True,False,False,True,True,False,0.9462645078385469,etf_peer_groups,QQQ/XLK,61,19.0,-0.337072684845425,-0.0434500871243817,0.7361741071712286,False
treasuries,IEI,TLT,0.8626509592167323,0.2323823305588667,0.08994087467540851,0.24895169274588042,3.478802855902631,0.9844250708030265,0.015697492684071036,44.156553821064264,0.003881146190059111,0.001204422064879786,88.0,25.0,-5.162537064506978e-14,0.008574043722126667,504,True,False,False,True,True,False,0.8626509592167323,etf_peer_groups,IEI/TLT,88,11.0,-0.5821058314657536,-0.011906426044846041,0.39028837283647366,False
nasdaq_growth,QQQ,VGT,0.9717750079802461,0.09360601896193532,0.028719352724495852,0.8056565153739561,2.595548738168184,0.9672946054106663,0.033252170764975025,20.84517084490757,0.0010098667333689152,0.002980548670744008,42.0,28.0,-5.600458368664678e-15,0.012502159844239495,504,True,False,True,True,True,False,0.9717750079802461,etf_peer_groups,QQQ/VGT,42,20.0,-0.7391608611234535,-0.03929997725067458,0.4697084574699107,False
international_equity,IEFA,EEM,0.8389984136333666,0.08873130209299512,0.026358044378057967,0.4422843810815835,2.2085983400224833,0.9640837938121356,0.03657706510754567,18.95032251827532,0.0028474365134239714,0.006628844701957812,38.0,36.0,1.6195158089373315e-15,0.026264624103026383,504,False,False,True,True,True,False,0.8389984136333666,etf_peer_groups,IEFA/EEM,38,21.0,-0.7558349356285774,-0.0944107080181098,0.4751728644511504,False
energy,XLE,VDE,0.9984597779094584,0.17276090232869978,0.08206197984044489,0.9478315683686191,-0.8620686568083262,0.9642441355318233,0.03641076380825184,19.03687558465489,0.0007066109572488944,0.001432689791525476,38.0,42.0,-5.665661943126791e-16,0.005394247849514047,504,True,False,False,True,True,False,0.9984597779094584,etf_peer_groups,XLE/VDE,38,17.0,-0.8362734687863048,-0.01566993341885059,0.20075051073252728,False
financials,KBE,KRE,0.9852452961234018,0.694303066644916,0.4520593202798027,0.9309319099529323,0.030539803433054735,0.990703148586886,0.00934033686458108,74.21008370569442,-0.007125538310711112,0.0019748709516762804,90.0,21.0,1.1313701298561118e-15,0.01574263179234571,504,True,False,False,False,True,False,0.9852452961234018,etf_peer_groups,KBE/KRE,90,16.0,-0.853401813814612,-0.02469283360150354,0.4053279896750367,False
treasuries,IEF,TLT,0.9450020906986702,0.2329302696199277,0.09051725534958055,0.4573575933094644,2.360620855346518,0.982242837787915,0.01791671220882346,38.68718615788171,0.0031071304692024304,0.0014305116133279813,77.0,27.0,5.335767101523887e-14,0.009297868833331861,504,True,False,False,True,True,False,0.9450020906986702,etf_peer_groups,IEF/TLT,77,13.0,-0.9167278327640467,-0.022587195463878662,0.3994813310728386,False
treasuries,TLH,TLT,0.9635461637739209,0.3942459818614634,0.18474124453843027,0.595744964337265,1.923694943938516,0.9861428461284885,0.013954060503115916,49.67351119089435,0.003528239147106341,0.001310474671273131,90.0,23.0,-3.6177410273856884e-14,0.009716440481747492,504,True,False,False,False,True,False,0.9635461637739209,etf_peer_groups,TLH/TLT,90,10.0,-0.9710858800993429,-0.01587927377915721,0.17318467869649076,False
nasdaq_growth,QQQ,IYW,0.9640035329236272,0.13253160795589147,0.044145469109542826,0.809948177638955,2.005501144159297,0.9738672198142092,0.026480309258716955,26.175947334594316,0.0019715781213965207,0.0028336279035209642,52.0,27.0,-3.348291661567932e-14,0.014090958180844803,504,True,False,True,True,True,False,0.9640035329236272,etf_peer_groups,QQQ/IYW,52,17.0,-1.1376042040665566,-0.0453286345653493,0.3613725937947491,False
real_estate,VNQ,IYR,0.9938446639238644,0.3969725968783679,0.18829554174096758,1.101751214621993,-0.4503732403133296,0.9752689667758504,0.025041982667743625,27.67940501183968,0.0010001726813824048,0.0016136385903023057,55.0,37.0,-4.352514821222925e-14,0.007252558561215118,504,True,False,False,True,True,False,0.9938446639238644,etf_peer_groups,VNQ/IYR,55,21.0,-1.2177844027982487,-0.028711738489616834,0.19550667354065232,False
international_equity,EEM,VWO,0.9977065620655802,0.2323696708566828,0.09135237081664971,0.975400872802735,0.1291101162767649,0.9623911564058503,0.03833430346836612,18.081642754561535,-0.0007918367492571876,0.0016870449968851783,36.0,44.0,-1.885176318401208e-14,0.006197753730062377,504,True,False,False,True,True,False,0.9977065620655802,etf_peer_groups,EEM/VWO,36,26.0,-1.2922547832933218,-0.027731574038243334,0.13810911915837856,False
nasdaq_growth,XLK,VGT,0.9785421521112311,0.8578338533590812,0.6739782116727552,1.0047236352101843,0.43331576741806344,0.9931993849657261,0.00682384459345807,101.57722249777733,0.003978867521227238,0.0015424964153959325,90.0,23.0,9.229830303927392e-15,0.013523467817253368,504,True,False,False,False,True,False,0.9785421521112311,etf_peer_groups,XLK/VGT,90,14.0,-1.3309579548013482,-0.02425980194108157,0.25851272870276765,False
treasuries,TLT,GOVT,0.956238158846133,0.2184338895375661,0.0832690017083258,3.0068161348142404,-4.4959442861256695,0.9770232742825761,0.02324480503008282,29.81944480338262,-0.0038974269741243964,0.0033684508869535734,60.0,37.0,-1.705707885341167e-13,0.017186435794168568,504,True,False,False,True,True,False,0.956238158846133,etf_peer_groups,TLT/GOVT,60,17.0,-1.351539194823311,-0.02774427240631061,0.1176343688551811,False
broad_equity,IVV,VTI,0.9911748919691131,0.7633540717303401,0.5366754473224841,0.9331257356551841,0.9677637998669559,0.9866292672073175,0.013460925907996458,51.49327656191774,0.0009034052415545647,0.0009550177980484167,90.0,34.0,-1.071171370298659e-13,0.005939864417638223,504,True,False,False,False,True,False,0.9911748919691131,etf_peer_groups,IVV/VTI,90,12.0,-1.5043892565607737,-0.019322744520174795,0.1374279927071545,False
financials,XLF,VFH,0.9917580677919854,0.5624475976452701,0.3153590967395101,0.960696431709743,-0.7566329788626424,0.9728445199445331,0.02753100407179468,25.176966984290623,-0.0016937536709140696,0.0018001299947122686,50.0,40.0,1.3310340484117154e-14,0.008441034329035833,504,True,False,False,True,True,False,0.9917580677919854,etf_peer_groups,XLF/VFH,50,19.0,-1.6040508415594186,-0.03489216848874788,0.17175882390739008,False
real_estate,SCHH,IYR,0.986639060122144,0.5892454599211053,0.34171321875963057,1.019631157079262,-1.4041442405465352,0.9829314374138914,0.017215909574830022,40.262013316644,0.0009928010328966947,0.001850139208078538,81.0,20.0,-2.678633329254346e-15,0.009943000340571915,504,True,False,False,True,True,False,0.986639060122144,etf_peer_groups,SCHH/IYR,81,15.0,-1.6962250317348782,-0.039027809587012574,0.19025226744768234,False
treasuries,SHY,TLT,0.7572381105494137,0.27909376848265777,0.11385456300326208,0.059408213975549115,3.962235858894071,0.9827956359218286,0.017354078798951685,39.941456333701595,0.001429071190743982,0.0004993585140099854,80.0,24.0,-5.341053877831626e-14,0.00300986320913123,504,False,False,False,True,True,False,0.7572381105494137,etf_peer_groups,SHY/TLT,80,13.0,-1.9803831487216448,-0.022884883936921674,0.0,False
nasdaq_growth,XLK,IYW,0.9671819791971795,0.8416561903799695,0.6476506515732675,1.0063978162386953,-0.2906440697106455,0.9937490246609121,0.006270594487373058,110.53930882561754,0.008250193761952037,0.0016820259649122152,90.0,21.0,3.3421237558755706e-15,0.016676342215950043,504,True,False,False,False,True,False,0.9671819791971795,etf_peer_groups,XLK/IYW,90,15.0,-1.9861643251732182,-0.03811862535811894,0.14028812354829737,False
international_equity,EFA,VEA,0.989339062243029,0.9217524000462186,0.7919408038840798,1.054881291993803,0.28479536982836645,0.991424390302261,0.008612591819869373,80.48067237563085,-0.004812878878549621,0.0009998958670933882,90.0,29.0,3.0614840468731e-14,0.0076586745551089,504,True,False,False,False,True,False,0.989339062243029,etf_peer_groups,EFA/VEA,90,17.0,-2.0508836531186305,-0.027454814804960037,0.0220338634748767,False
international_equity,EFA,IEFA,0.9933440489777149,0.47290853194501253,0.23822470479801094,1.0822703625970398,-0.21764631388105604,0.9800366994357217,0.02016525961489577,34.37333284060117,-0.0018932022733529636,0.00109345133617197,69.0,40.0,4.077866792035892e-15,0.006057559613529225,504,True,False,False,True,True,False,0.9933440489777149,etf_peer_groups,EFA/IEFA,69,19.0,-2.0943838023664503,-0.028818661501273657,0.09324830316896197,False
nasdaq_growth,VGT,IYW,0.9968160325796261,0.2012904346167379,0.07501971322424446,1.0102047905396137,-0.7481381572374199,0.9691916180359645,0.0312929384098455,22.15027465563492,0.0006982793886845279,0.001175069675444631,44.0,41.0,1.4275177160279494e-14,0.005096929091072642,504,True,False,False,True,True,False,0.9968160325796261,etf_peer_groups,VGT/IYW,44,18.0,-2.1111427336770205,-0.028721850408385152,0.0,False
broad_equity,VOO,VTI,0.9873809490953598,0.8287750702213503,0.6283147525397546,0.9702559409367674,0.7075639274378545,0.9936614239118864,0.006358750156621285,109.00682736184878,0.0021268313749387337,0.0008079295498898102,90.0,24.0,-7.875358213884702e-14,0.007406745327850276,504,True,False,False,False,True,False,0.9873809490953598,etf_peer_groups,VOO/VTI,90,12.0,-2.299442738081057,-0.024210843711463426,0.037987826296718596,False
broad_equity,IVV,SCHB,0.9876659755675392,0.8666435088167201,0.6883258258598146,0.9656559714237454,3.2779205155328266,0.9906973295727797,0.009346210502112212,74.16344628695195,0.0015508584319845697,0.0009345253172591139,90.0,25.0,-1.10387889305587e-14,0.007015940820331551,504,True,False,False,False,True,False,0.9876659755675392,etf_peer_groups,IVV/SCHB,90,16.0,-2.5139854457053206,-0.031191466748598295,0.06248551324260492,False
treasuries,IEI,IEF,0.9777500981624749,0.4293304131480685,0.21034828604739053,0.5830216976721395,2.0220003757195784,0.984370406965341,0.015753022918995798,44.00089964473505,0.0018464776729307263,0.0005810205771747488,88.0,22.0,-1.514167979711789e-13,0.003555960230734142,504,True,False,False,True,True,False,0.9777500981624749,etf_peer_groups,IEI/IEF,88,12.0,-2.5204711596873666,-0.025312593009079842,0.0,False
treasuries,IEI,TLH,0.9628235073155768,0.1954554721860866,0.07216303156838352,0.4494059371807713,2.528851806628858,0.976298327662282,0.02398707568623832,28.89669377070471,0.0016447431937842158,0.0009024938004680382,58.0,36.0,1.140287159228498e-13,0.00457911943351859,504,True,False,False,True,True,False,0.9628235073155768,etf_peer_groups,IEI/TLH,58,20.0,-2.5247322252645854,-0.04239301512582294,0.024879084598054237,False
real_estate,VNQ,SCHH,0.9960350286725937,0.441144032473625,0.21902353229068522,1.068451582530345,1.0994395141887225,0.9725168974507458,0.027867828369794227,24.872665762189182,0.0003074379056275215,0.0013486395396599153,50.0,30.0,-2.2251160349888156e-14,0.005824032687838896,504,True,False,False,True,True,False,0.9960350286725937,etf_peer_groups,VNQ/SCHH,50,21.0,-2.72781461678643,-0.03854577810468485,0.06614196453753506,False
broad_equity,SPY,SCHB,0.9832266694084971,0.8639654884026546,0.6837669728989121,0.9954190950228231,3.218020551771122,0.994686121957202,0.005328046909434907,130.0940461564856,0.0026841035315788605,0.0008399244524497057,90.0,26.0,2.5008214194373963e-14,0.008462479378176407,504,True,False,False,False,True,False,0.9832266694084971,etf_peer_groups,SPY/SCHB,90,16.0,-2.7278916841736294,-0.033495032856221574,0.05518824578383917,False
broad_equity,SPY,VTI,0.988246823066127,0.8240662777317548,0.6212330100623387,0.9633748007133847,0.8299654814203028,0.993509787209744,0.006511365795966308,106.45188771138298,0.0017696642282813938,0.0007829524698316693,90.0,25.0,-3.158848843873957e-14,0.007092748795771947,504,True,False,False,False,True,False,0.988246823066127,etf_peer_groups,SPY/VTI,90,12.0,-2.7330209813569377,-0.02731543825098315,0.0,False
broad_equity,VOO,SCHB,0.9821197579732508,0.8728262607631319,0.6987814295753577,1.0022786456838013,3.1131657075860755,0.9947934103360627,0.0052201911841326274,132.78195301866452,0.003138162493031611,0.0008653726985608655,90.0,26.0,6.418851341102651e-14,0.008804914573707058,504,True,False,False,False,True,False,0.9821197579732508,etf_peer_groups,VOO/SCHB,90,16.0,-2.7354279370883496,-0.033241321227910126,0.01975914605683672,False
international_equity,VEA,IEFA,0.9972730076922491,0.5857030532182949,0.33829370137846543,1.0190411046809462,-0.4507658209162383,0.968678271815514,0.031822743052713015,21.781503229051516,0.00010622907588888346,0.0009159035511724181,44.0,39.0,-1.8220874544621915e-14,0.0036400197941039393,504,True,False,False,True,True,False,0.9972730076922491,etf_peer_groups,VEA/IEFA,44,24.0,-2.7845400283938333,-0.034730203932330506,0.012860707179460387,False
treasuries,SHY,TLH,0.8868735928339407,0.4047639173383703,0.19338312160196514,0.11253507462692955,3.711024636348524,0.978700062376154,0.02153005481668381,32.194399246156124,0.0009061195800327948,0.00043900254494875325,64.0,33.0,-9.375392878267136e-14,0.002129092830823383,504,True,False,False,True,True,False,0.8868735928339407,etf_peer_groups,SHY/TLH,64,18.0,-2.9372557900988934,-0.03458225783853852,0.0,False
treasuries,IEI,GOVT,0.970184983261242,0.48922573195021707,0.25041827839960684,0.8803904522307283,1.9629343807431057,0.9763116546065865,0.023973425295811368,28.91314745419595,0.0014999871790038035,0.0008055754807488598,58.0,39.0,2.094796999003053e-14,0.0041084515448318384,504,True,False,False,True,True,False,0.970184983261242,etf_peer_groups,IEI/GOVT,58,21.0,-3.01486435776984,-0.03884063700173879,0.0,False
treasuries,SHY,GOVT,0.9006799712867476,0.6242104078956772,0.3769695842525656,0.22219042516664342,3.56410042298591,0.9805559570221324,0.019635565089272312,35.30059753353567,0.0009473555442617898,0.0003981877437788483,71.0,31.0,-5.917841173005934e-14,0.0020022306927277435,504,True,False,False,True,True,False,0.9006799712867476,etf_peer_groups,SHY/GOVT,71,16.0,-3.3961642515606867,-0.033854514494568,0.0,False
treasuries,SHY,IEF,0.9061289836116384,0.6286391346280373,0.3821599056619308,0.14688617795955541,3.5801405968916553,0.9826169504246555,0.017535908811547277,39.52730297636542,0.0009629111850367172,0.00037858821161876994,79.0,26.0,3.822691722249031e-14,0.0019493198254378558,504,True,False,False,True,True,False,0.9061289836116384,etf_peer_groups,SHY/IEF,79,17.0,-3.570713324335226,-0.037801454233766574,0.0,False
broad_equity,IVV,VOO,0.999035830073893,0.1961878629607774,0.07288775055424082,0.9571265701001058,0.31063218507087553,0.9622998922825033,0.038429138557330156,18.03702103615672,7.122024363109308e-06,0.0005358582077139496,36.0,51.0,3.1614922320278265e-15,0.0019672017079326574,504,True,False,False,True,True,False,0.999035830073893,etf_peer_groups,IVV/VOO,36,27.0,-3.8673800543256927,-0.04416921653882755,0.0,False
treasuries,IEF,TLH,0.9954354759772484,0.014153520479358314,0.0030420956976826194,0.7791989981893063,0.8305349871920854,0.942001439312513,0.05974847647433724,11.601085441193822,0.00029511786542018746,0.0008760424862742138,23.0,57.0,-4.034691452189359e-14,0.0027131067497338213,504,True,True,True,True,True,False,0.9954354759772484,etf_peer_groups,IEF/TLH,23,29.0,-4.227043538742043,-0.05695108013651318,0.0,False
broad_equity,SPY,IVV,0.9992661252966897,0.1386827468857792,0.04686738596798122,1.0347159535415589,-0.1810444499937245,0.953571831994998,0.04754052170317411,14.580134077781194,-3.205759960268024e-05,0.0005374811155665906,29.0,52.0,-3.92014463218835e-14,0.0017772480881615134,504,True,False,True,True,True,False,0.9992661252966897,etf_peer_groups,SPY/IVV,29,30.0,-4.497254050690477,-0.0500242962880495,0.008262817567552207,False
treasuries,SHY,IEI,0.9674123233811943,0.802065081500642,0.5935326610767133,0.26299389931795053,3.0197434039613418,0.9724383972049948,0.02794855027225572,24.800827728371527,0.00032054962126046435,0.00029580815293263373,50.0,52.0,-1.7944023691973323e-13,0.001166851502629734,504,True,False,False,True,True,False,0.9674123233811943,etf_peer_groups,SHY/IEI,50,27.0,-4.550056129877694,-0.04903272278300086,0.0,False
broad_equity,VTI,SCHB,0.9991300039670558,0.4904769396205265,0.25635405787033816,1.0376346439905668,2.4702998216628482,0.9633812291935795,0.037306068893643074,18.580011272054907,5.02904125694017e-05,0.0005314037476649865,37.0,54.0,2.535537917191548e-14,0.0019849569518806997,504,True,False,False,True,True,False,0.9991300039670558,etf_peer_groups,VTI/SCHB,37,33.0,-4.598806688901861,-0.05446306777116772,0.0,False
gold,GLD,IAU,0.9998851690789421,0.5296851237020945,0.5226842916001015,0.9929072352966086,1.6227860919935073,0.6718684870249099,0.39769266144346066,1.7429217276580018,-1.4041455473652731e-05,0.0007333658670049415,20.0,54.0,1.3176408817654437e-14,0.000986606413411768,504,True,False,False,False,True,False,0.9998851690789421,etf_peer_groups,GLD/IAU,20,41.0,-4.7788329418165265,-0.06058805454200078,0.0,False
gold,IAU,SGOL,0.9998731364727083,0.7541081529924416,0.5337655842266694,1.0055536187230685,0.6687643558039816,0.6029342570946004,0.5059471145758729,1.3699992757958488,1.0387621975285981e-05,0.0008358376102601748,20.0,63.0,-1.7270135938613545e-14,0.0010442946330487188,504,True,False,False,False,True,False,0.9998731364727083,etf_peer_groups,IAU/SGOL,20,42.0,-5.018872890451217,-0.06038512344164948,0.0,False
treasuries,TLH,GOVT,0.9981512647476585,3.292434124510657e-05,4.034092962952798e-06,1.940550801303295,-1.2037296783790465,0.7726203281766464,0.25796751771032395,2.686955267516633,-2.905489382954123e-05,0.0014014344408235422,20.0,74.0,1.3564281972765544e-13,0.0022073264124594836,504,True,True,True,False,True,False,0.9981512647476585,etf_peer_groups,TLH/GOVT,20,50.0,-5.15291824110026,-0.07053970044903035,0.0,False
treasuries,IEF,GOVT,0.9969913773282628,0.2506909750571169,0.10058759542458867,1.5172436499653688,-0.12295754308887274,0.8844462694158336,0.12279351407219445,5.644819156754653,9.73814792415077e-05,0.0010104191224548469,20.0,70.0,1.6228993457742844e-13,0.0022035466315194294,504,True,False,False,True,True,False,0.9969913773282628,etf_peer_groups,IEF/GOVT,20,43.0,-5.164561448513891,-0.06522691566519556,0.003831153345223813,False
gold,GLD,SGOL,0.9999747709037269,1.5453159818754443e-25,1.7741958202527567e-26,0.9986376248594382,2.286274847521495,0.05436729598082235,2.911992482722602,0.23803192648075763,-4.1775877756236827e-07,0.0004621426129296194,20.0,55.0,1.4593264868128448e-14,0.00046246097006912484,504,True,True,True,False,True,False,0.9999747709037269,etf_peer_groups,GLD/SGOL,20,42.0,-6.118220086885645,-0.06550995006415716,0.0,False
broad_equity,SPY,VOO,0.9999643215131107,0.2905716755914798,0.1228742071239316,0.99200256000249,0.13201132005587146,0.6564835193036473,0.42085768943307267,1.6469870884233273,-3.7798507660864964e-06,0.0002961132471883399,20.0,64.0,5.837834624882153e-14,0.00039193687990440504,504,True,False,False,False,True,False,0.9999643215131107,etf_peer_groups,SPY/VOO,20,40.0,-6.4779604532082695,-0.07085872628250145,0.0,False
