pair,entry_date,exit_date,direction,entry_zscore,exit_zscore,holding_period,gross_return,net_return,exit_reason,transaction_cost,universe_mode,peer_group,hedge_mode,entry_threshold,exit_threshold,stop_threshold,max_holding_period
META/AMZN,2015-03-23,2015-04-09,short_spread,2.5268422062662403,0.39441332634743154,13,0.013826663628144775,0.011791814455359928,mean_reversion,0.002,stock_peer_groups,mega_cap_tech,static,1.5,0.5,3.0,20
META/AMZN,2015-04-28,2015-05-20,long_spread,-2.6754608924918135,-0.48454249294509105,17,0.004747632567985827,0.002737482702563687,mean_reversion,0.002,stock_peer_groups,mega_cap_tech,static,1.5,0.5,3.0,20
META/AMZN,2015-06-23,2015-06-25,short_spread,2.24237964210823,3.152654836783881,3,-0.026235612339851055,-0.02819709003463866,stop_loss,0.002,stock_peer_groups,mega_cap_tech,static,1.5,0.5,3.0,20
META/AMZN,2015-06-26,2015-07-24,short_spread,2.46368586860073,1.3578126278000726,20,-0.01904419911771371,-0.021006992136284763,time_stop,0.002,stock_peer_groups,mega_cap_tech,static,1.5,0.5,3.0,20
META/AMZN,2015-08-21,2015-09-11,long_spread,-1.613409250403437,-0.11418132679104905,15,0.005376259451966181,0.0033501778457740716,mean_reversion,0.002,stock_peer_groups,mega_cap_tech,static,1.5,0.5,3.0,20
META/AMZN,2015-10-20,2015-11-03,short_spread,1.6436548187542963,0.21364161777860363,11,0.0036099264835611766,0.0016051898855191649,mean_reversion,0.002,stock_peer_groups,mega_cap_tech,static,1.5,0.5,3.0,20
META/AMZN,2015-11-06,2015-11-10,short_spread,1.877683870225352,0.47606000939314297,3,0.013139030977756816,0.011125484140911412,mean_reversion,0.002,stock_peer_groups,mega_cap_tech,static,1.5,0.5,3.0,20
META/AMZN,2015-11-27,2015-12-17,long_spread,-1.8878848987989034,-0.27114630119240796,15,0.008352351410900294,0.006338042400871213,mean_reversion,0.002,stock_peer_groups,mega_cap_tech,static,1.5,0.5,3.0,20
META/AMZN,2016-01-04,2016-01-05,long_spread,-1.6823384255834635,-0.46999077647852827,2,0.006620725729564514,0.004615105003834996,mean_reversion,0.002,stock_peer_groups,mega_cap_tech,static,1.5,0.5,3.0,20
META/AMZN,2016-01-08,2016-01-12,long_spread,-2.1347797156180652,-3.1122947922986484,3,-0.008589276615351249,-0.010574339001409583,stop_loss,0.002,stock_peer_groups,mega_cap_tech,static,1.5,0.5,3.0,20
META/AMZN,2016-01-14,2016-01-25,long_spread,-1.5327683329009694,-0.08205479777655815,7,0.007559558732303628,0.005557595231515888,mean_reversion,0.002,stock_peer_groups,mega_cap_tech,static,1.5,0.5,3.0,20
META/AMZN,2016-01-28,2016-01-29,long_spread,-2.0802721151182313,4.330216959696457,2,0.06476251742390327,0.06269875490647925,stop_loss,0.002,stock_peer_groups,mega_cap_tech,static,1.5,0.5,3.0,20
META/AMZN,2016-03-29,2016-04-05,short_spread,1.5166423700681138,-0.021810468351700012,6,0.014202664058034609,0.012170547641326523,mean_reversion,0.002,stock_peer_groups,mega_cap_tech,static,1.5,0.5,3.0,20
META/AMZN,2016-04-12,2016-05-02,long_spread,-1.9074660733033122,-0.3332790734394328,15,0.008419399528211358,0.006408445961939346,mean_reversion,0.002,stock_peer_groups,mega_cap_tech,static,1.5,0.5,3.0,20
META/AMZN,2016-06-14,2016-07-12,long_spread,-2.154437712050675,-0.5830664946983815,20,0.0022245359666819287,0.0002244528005734825,time_stop,0.002,stock_peer_groups,mega_cap_tech,static,1.5,0.5,3.0,20
META/AMZN,2016-07-20,2016-08-16,short_spread,1.8271517633493508,0.5493590672034869,20,-0.00330988681097788,-0.0053062234059939595,time_stop,0.002,stock_peer_groups,mega_cap_tech,static,1.5,0.5,3.0,20
META/AMZN,2016-09-07,2016-09-08,short_spread,2.7822074426506287,3.462107911797042,2,-0.008468470730002453,-0.010459002259272432,stop_loss,0.002,stock_peer_groups,mega_cap_tech,static,1.5,0.5,3.0,20
META/AMZN,2016-09-09,2016-09-23,short_spread,2.588418619378509,0.2570762970672235,11,0.010615386564098994,0.008599222263716344,mean_reversion,0.002,stock_peer_groups,mega_cap_tech,static,1.5,0.5,3.0,20
META/AMZN,2016-09-30,2016-10-19,long_spread,-1.9507584260524933,-0.48345358203183625,14,0.0074489702220617016,0.005432250781255643,mean_reversion,0.002,stock_peer_groups,mega_cap_tech,static,1.5,0.5,3.0,20
META/AMZN,2016-10-31,2016-11-11,short_spread,2.2818161997685267,-0.3187233152936744,10,0.03508708340718991,0.033026024950939536,mean_reversion,0.002,stock_peer_groups,mega_cap_tech,static,1.5,0.5,3.0,20
META/AMZN,2016-11-15,2016-11-30,long_spread,-1.695107254322244,-0.4729691127956635,11,0.009293132066446663,0.007274707831844696,mean_reversion,0.002,stock_peer_groups,mega_cap_tech,static,1.5,0.5,3.0,20
META/AMZN,2016-12-02,2016-12-14,long_spread,-1.6183046138152142,-0.4148818828694548,9,0.013051882918550195,0.011030110032527851,mean_reversion,0.002,stock_peer_groups,mega_cap_tech,static,1.5,0.5,3.0,20
META/AMZN,2016-12-29,2017-01-27,long_spread,-1.8204237090412128,1.9636872947532562,20,0.05063520645493513,0.0485352760452733,time_stop,0.002,stock_peer_groups,mega_cap_tech,static,1.5,0.5,3.0,20
META/AMZN,2017-01-30,2017-02-22,short_spread,1.7290217199338416,0.25189268046296126,17,0.0013672534205810827,-0.0006311589013495711,mean_reversion,0.002,stock_peer_groups,mega_cap_tech,static,1.5,0.5,3.0,20
META/AMZN,2017-03-02,2017-03-29,short_spread,1.5645064987762656,1.746431060018775,20,-0.01822048795230946,-0.020181874542286593,time_stop,0.002,stock_peer_groups,mega_cap_tech,static,1.5,0.5,3.0,20
META/AMZN,2017-04-12,2017-04-20,long_spread,-1.8014117175913391,-0.29343280321778403,6,0.011798261993563264,0.0097766711682159,mean_reversion,0.002,stock_peer_groups,mega_cap_tech,static,1.5,0.5,3.0,20
META/AMZN,2017-05-01,2017-05-15,short_spread,2.1226605006763255,0.1915765658330265,11,0.014111660502281298,0.012084488101490765,mean_reversion,0.002,stock_peer_groups,mega_cap_tech,static,1.5,0.5,3.0,20
META/AMZN,2017-07-12,2017-07-13,short_spread,2.902037584591253,3.9835939864627714,2,-0.010114890542559318,-0.012103775652016813,stop_loss,0.002,stock_peer_groups,mega_cap_tech,static,1.5,0.5,3.0,20
META/AMZN,2017-07-18,2017-08-14,short_spread,2.3644202427388494,1.288394006077395,20,-0.047368118159811345,-0.04927919675972958,time_stop,0.002,stock_peer_groups,mega_cap_tech,static,1.5,0.5,3.0,20
META/AMZN,2017-09-20,2017-09-28,short_spread,1.847037659098411,-0.2557118808980262,7,0.009626039012003762,0.007610368438305537,mean_reversion,0.002,stock_peer_groups,mega_cap_tech,static,1.5,0.5,3.0,20
META/AMZN,2017-10-19,2017-10-25,short_spread,1.6988886396718152,0.27240601145899257,5,0.007320336080643752,0.0053081116593385325,mean_reversion,0.002,stock_peer_groups,mega_cap_tech,static,1.5,0.5,3.0,20
META/AMZN,2017-10-30,2017-11-02,long_spread,-2.991489754859693,-0.43954062153679946,4,0.015938783572795767,0.013911680909385549,mean_reversion,0.002,stock_peer_groups,mega_cap_tech,static,1.5,0.5,3.0,20
META/AMZN,2017-11-03,2017-12-01,long_spread,-1.6399401758069745,-1.929080827948122,20,-0.03250614575891431,-0.034445882315833676,time_stop,0.002,stock_peer_groups,mega_cap_tech,static,1.5,0.5,3.0,20
META/AMZN,2017-12-04,2017-12-08,long_spread,-1.9313423097516669,-0.45097208630103175,5,0.019036089673639456,0.016994935050875126,mean_reversion,0.002,stock_peer_groups,mega_cap_tech,static,1.5,0.5,3.0,20
META/AMZN,2017-12-27,2018-01-03,long_spread,-1.5275003922471508,0.2861216627531187,5,0.015550500561594127,0.013524561006930558,mean_reversion,0.002,stock_peer_groups,mega_cap_tech,static,1.5,0.5,3.0,20
META/AMZN,2018-01-18,2018-02-02,long_spread,-2.8273843653068313,-0.056889310646793215,12,0.026128468792352866,0.02408565823924369,mean_reversion,0.002,stock_peer_groups,mega_cap_tech,static,1.5,0.5,3.0,20
META/AMZN,2018-02-06,2018-03-06,long_spread,-1.9400323335140284,-1.1693916326675518,20,-0.03602237806088393,-0.03794936821380546,time_stop,0.002,stock_peer_groups,mega_cap_tech,static,1.5,0.5,3.0,20
META/AMZN,2018-03-20,2018-04-11,long_spread,-2.1004400750033336,-0.1682415764750234,16,-0.0014828121634425928,-0.003505537833634609,mean_reversion,0.002,stock_peer_groups,mega_cap_tech,static,1.5,0.5,3.0,20
META/AMZN,2018-05-09,2018-06-06,short_spread,1.5067675930829652,0.8564338573419489,20,-0.024579533421366984,-0.026538781431688307,time_stop,0.002,stock_peer_groups,mega_cap_tech,static,1.5,0.5,3.0,20
META/AMZN,2018-06-21,2018-07-02,short_spread,1.781718844126789,0.042438396703757944,8,0.013672007465890701,0.011642994907006932,mean_reversion,0.002,stock_peer_groups,mega_cap_tech,static,1.5,0.5,3.0,20
META/AMZN,2018-07-09,2018-07-27,short_spread,2.25711472684552,-4.637424893966953,15,0.09603090589919194,0.0938415403938695,stop_loss,0.002,stock_peer_groups,mega_cap_tech,static,1.5,0.5,3.0,20
META/AMZN,2018-09-14,2018-10-11,long_spread,-2.023769503951367,-0.7755869405086488,20,0.005939294836315945,0.0039358120694985566,time_stop,0.002,stock_peer_groups,mega_cap_tech,static,1.5,0.5,3.0,20
META/AMZN,2018-10-26,2018-10-30,long_spread,-1.6126239304240428,0.35680537852449845,3,0.014922492193631953,0.012899371957511008,mean_reversion,0.002,stock_peer_groups,mega_cap_tech,static,1.5,0.5,3.0,20
META/AMZN,2018-10-31,2018-11-15,short_spread,2.421986795974521,-0.07451027434143062,12,0.02566319493150493,0.023605001200016407,mean_reversion,0.002,stock_peer_groups,mega_cap_tech,static,1.5,0.5,3.0,20
META/AMZN,2018-11-19,2018-12-11,long_spread,-1.563008728231903,-0.21111664674491698,15,-0.0019624942641865983,-0.003974996187931512,mean_reversion,0.002,stock_peer_groups,mega_cap_tech,static,1.5,0.5,3.0,20
META/AMZN,2019-01-15,2019-02-01,short_spread,1.657184561640984,3.946240712790312,13,-0.06682168465874938,-0.06868925265940673,stop_loss,0.002,stock_peer_groups,mega_cap_tech,static,1.5,0.5,3.0,20
META/AMZN,2019-02-11,2019-03-01,short_spread,2.070335690237547,0.4266594323162828,14,0.03457960583601705,0.03251809927108873,mean_reversion,0.002,stock_peer_groups,mega_cap_tech,static,1.5,0.5,3.0,20
META/AMZN,2019-03-22,2019-04-03,long_spread,-1.9065697177643262,0.28595249113966853,9,0.03163512615669206,0.02957749263734888,mean_reversion,0.002,stock_peer_groups,mega_cap_tech,static,1.5,0.5,3.0,20
META/AMZN,2019-04-26,2019-05-14,short_spread,2.4744497624378,0.4479912320088069,13,0.023415643152058907,0.02138512592813746,mean_reversion,0.002,stock_peer_groups,mega_cap_tech,static,1.5,0.5,3.0,20
META/AMZN,2019-06-04,2019-06-17,long_spread,-2.7811854130825715,-0.41402306324375787,10,0.026332732261740377,0.0242859816990888,mean_reversion,0.002,stock_peer_groups,mega_cap_tech,static,1.5,0.5,3.0,20
META/AMZN,2019-07-01,2019-07-29,short_spread,1.6869217982192342,0.9432696825372372,20,-0.01273457834023417,-0.014702646220394966,time_stop,0.002,stock_peer_groups,mega_cap_tech,static,1.5,0.5,3.0,20
META/AMZN,2019-08-15,2019-08-30,long_spread,-2.612557343917661,-0.1480668585040152,12,0.015576504000839098,0.013553749633420598,mean_reversion,0.002,stock_peer_groups,mega_cap_tech,static,1.5,0.5,3.0,20
META/AMZN,2019-09-20,2019-09-25,short_spread,1.7108057522757385,-0.27040531816917074,4,0.013236487692063648,0.011206084214085532,mean_reversion,0.002,stock_peer_groups,mega_cap_tech,static,1.5,0.5,3.0,20
META/AMZN,2019-09-30,2019-10-04,long_spread,-1.5942954729224281,-0.2861999640339503,5,0.008433897129133117,0.0064192866986581,mean_reversion,0.002,stock_peer_groups,mega_cap_tech,static,1.5,0.5,3.0,20
META/AMZN,2019-10-16,2019-11-12,short_spread,2.1198506596470725,0.8249142346375288,20,-0.0030439445428763756,-0.005036955174398505,time_stop,0.002,stock_peer_groups,mega_cap_tech,static,1.5,0.5,3.0,20
META/AMZN,2019-11-13,2019-12-11,short_spread,1.709393947109664,1.4882902276222483,20,-0.02834588763484147,-0.030289231204045475,time_stop,0.002,stock_peer_groups,mega_cap_tech,static,1.5,0.5,3.0,20
META/AMZN,2019-12-12,2019-12-13,short_spread,1.5391267899210441,0.30197684906151856,2,0.019615600912491038,0.017596985311578495,mean_reversion,0.002,stock_peer_groups,mega_cap_tech,static,1.5,0.5,3.0,20
META/AMZN,2019-12-20,2019-12-31,short_spread,1.6481119079046787,-0.022680955455490218,7,0.0164718334173084,0.014437945393641849,mean_reversion,0.002,stock_peer_groups,mega_cap_tech,static,1.5,0.5,3.0,20
META/AMZN,2020-01-09,2020-02-06,short_spread,2.2302518277111867,-1.6131199536403957,20,0.04015295680265818,0.03806611603479437,time_stop,0.002,stock_peer_groups,mega_cap_tech,static,1.5,0.5,3.0,20
META/AMZN,2020-02-07,2020-03-06,long_spread,-1.5532334039731674,-1.6210078798158944,20,-0.05577554172541921,-0.05766382431964956,time_stop,0.002,stock_peer_groups,mega_cap_tech,static,1.5,0.5,3.0,20
META/AMZN,2020-06-29,2020-07-20,long_spread,-2.642108825923594,-0.36313206680609333,15,0.036169938718675576,0.034113941016743254,mean_reversion,0.002,stock_peer_groups,mega_cap_tech,static,1.5,0.5,3.0,20
META/AMZN,2020-07-27,2020-08-05,long_spread,-1.5779485935023363,0.41640129446116897,8,0.03615356350501253,0.03408427679474624,mean_reversion,0.002,stock_peer_groups,mega_cap_tech,static,1.5,0.5,3.0,20
META/AMZN,2020-08-17,2020-09-10,short_spread,1.5994196588804372,0.48759361399071044,18,-0.01966158282447006,-0.021617147564964245,mean_reversion,0.002,stock_peer_groups,mega_cap_tech,static,1.5,0.5,3.0,20
META/AMZN,2020-10-22,2020-11-18,short_spread,2.1869016148156795,0.6278642743438116,20,-0.0031226249080449353,-0.005114998614072275,time_stop,0.002,stock_peer_groups,mega_cap_tech,static,1.5,0.5,3.0,20
META/AMZN,2020-12-08,2020-12-11,short_spread,1.598339154432449,0.4612906062045986,4,0.01226440336981649,0.01024798536169702,mean_reversion,0.002,stock_peer_groups,mega_cap_tech,static,1.5,0.5,3.0,20
META/AMZN,2020-12-22,2021-01-21,long_spread,-1.6427256174594904,-0.7369862520571332,20,-0.01805689606435279,-0.020032922067632852,time_stop,0.002,stock_peer_groups,mega_cap_tech,static,1.5,0.5,3.0,20
META/AMZN,2021-02-02,2021-02-10,long_spread,-1.6725206764076774,-0.06759855193454377,7,0.022043336019110793,0.02000845219846914,mean_reversion,0.002,stock_peer_groups,mega_cap_tech,static,1.5,0.5,3.0,20
META/AMZN,2021-03-08,2021-04-05,short_spread,1.92349869653231,1.708214890056022,20,-0.059312275901904354,-0.061178464707069335,time_stop,0.002,stock_peer_groups,mega_cap_tech,static,1.5,0.5,3.0,20
META/AMZN,2021-04-06,2021-04-20,short_spread,1.9704626710759638,0.2940387400636122,11,0.030106394213360588,0.02805240187144964,mean_reversion,0.002,stock_peer_groups,mega_cap_tech,static,1.5,0.5,3.0,20
META/AMZN,2021-04-30,2021-05-27,short_spread,2.2494255676507082,1.7975540790186808,20,-0.020365635409612226,-0.02231610647627169,time_stop,0.002,stock_peer_groups,mega_cap_tech,static,1.5,0.5,3.0,20
META/AMZN,2021-05-28,2021-06-17,short_spread,2.210660009429008,-0.0007121382080520334,14,0.023459497288464082,0.021420509761145956,mean_reversion,0.002,stock_peer_groups,mega_cap_tech,static,1.5,0.5,3.0,20
META/AMZN,2021-06-29,2021-07-07,short_spread,2.171141699458083,-0.02395107252991249,6,0.029543822317249058,0.02749301302951035,mean_reversion,0.002,stock_peer_groups,mega_cap_tech,static,1.5,0.5,3.0,20
META/AMZN,2021-07-09,2021-07-13,long_spread,-1.5079440000762034,-0.46169534877826973,3,0.014942099115709873,0.012923158612352603,mean_reversion,0.002,stock_peer_groups,mega_cap_tech,static,1.5,0.5,3.0,20
META/AMZN,2021-07-26,2021-08-20,short_spread,2.2099544876421944,1.1733087433190357,20,-0.025544741059962295,-0.02749284881407199,time_stop,0.002,stock_peer_groups,mega_cap_tech,static,1.5,0.5,3.0,20
META/AMZN,2021-09-20,2021-09-23,long_spread,-1.5816725608212987,-4.017879157674659,4,-0.02887501846651641,-0.030820350019661213,stop_loss,0.002,stock_peer_groups,mega_cap_tech,static,1.5,0.5,3.0,20
META/AMZN,2021-09-27,2021-10-22,long_spread,-2.0979301566654067,-0.6821233505083689,20,-0.020459574577056272,-0.022414518197194422,time_stop,0.002,stock_peer_groups,mega_cap_tech,static,1.5,0.5,3.0,20
META/AMZN,2021-10-27,2021-11-02,long_spread,-2.0119077481304575,-0.38449329515618486,5,0.03438029488359673,0.032303226138918006,mean_reversion,0.002,stock_peer_groups,mega_cap_tech,static,1.5,0.5,3.0,20
META/AMZN,2021-12-01,2021-12-09,long_spread,-1.5965330504261892,-0.2281849649982005,7,0.010622308089968113,0.008581240401136947,mean_reversion,0.002,stock_peer_groups,mega_cap_tech,static,1.5,0.5,3.0,20
META/AMZN,2021-12-28,2022-01-06,short_spread,2.062263347392318,0.0947424895841684,8,0.029404120354108887,0.027348486621940227,mean_reversion,0.002,stock_peer_groups,mega_cap_tech,static,1.5,0.5,3.0,20
META/AMZN,2022-02-03,2022-02-04,short_spread,1.8775626771981933,-5.391513502642248,2,0.13729348593238933,0.13515719244645696,stop_loss,0.002,stock_peer_groups,mega_cap_tech,static,1.5,0.5,3.0,20
META/AMZN,2022-04-05,2022-04-14,short_spread,2.057229982383809,0.4454827813922873,8,0.023825508097226278,0.021774859961420034,mean_reversion,0.002,stock_peer_groups,mega_cap_tech,static,1.5,0.5,3.0,20
META/AMZN,2022-09-19,2022-10-14,long_spread,-2.2921027117818156,-1.3767733819713242,20,-0.037154390080633704,-0.039075226954558895,time_stop,0.002,stock_peer_groups,mega_cap_tech,static,1.5,0.5,3.0,20
META/AMZN,2022-10-24,2022-10-28,long_spread,-1.736582913679477,-4.614351132022272,5,-0.1296083765942656,-0.13135086742276292,stop_loss,0.002,stock_peer_groups,mega_cap_tech,static,1.5,0.5,3.0,20
META/AMZN,2023-01-06,2023-02-03,short_spread,2.1261214408619593,3.6061386271786358,20,-0.14798137336752815,-0.14968634966612415,stop_loss,0.002,stock_peer_groups,mega_cap_tech,static,1.5,0.5,3.0,20
META/AMZN,2016-03-30,2016-04-01,short_spread,1.705831359721781,0.40772253021759153,3,0.011182329385298395,0.009171840012573096,mean_reversion,0.002,stock_peer_groups,mega_cap_tech,rolling,1.5,0.5,3.0,20
META/AMZN,2016-04-11,2016-05-06,long_spread,-1.9289619477846032,-0.4262940429134574,20,-0.0032925336752306356,-0.005295140619777983,mean_reversion,0.002,stock_peer_groups,mega_cap_tech,rolling,1.5,0.5,3.0,20
META/AMZN,2016-05-24,2016-06-21,long_spread,-1.526830428630462,-1.7035445462166856,20,-0.023572890225456056,-0.025519851390305104,time_stop,0.002,stock_peer_groups,mega_cap_tech,rolling,1.5,0.5,3.0,20
META/AMZN,2016-06-28,2016-07-07,long_spread,-2.4384468180099406,-0.3688579261056757,7,0.020407492951007855,0.018380761495961906,mean_reversion,0.002,stock_peer_groups,mega_cap_tech,rolling,1.5,0.5,3.0,20
META/AMZN,2016-07-19,2016-08-15,short_spread,1.8480417513377703,0.5943284411016675,20,-0.010980886005604318,-0.012962626129552457,time_stop,0.002,stock_peer_groups,mega_cap_tech,rolling,1.5,0.5,3.0,20
META/AMZN,2016-09-07,2016-09-08,short_spread,2.7291444663208546,3.448768549669233,2,-0.008499144431954986,-0.010489645287523053,stop_loss,0.002,stock_peer_groups,mega_cap_tech,rolling,1.5,0.5,3.0,20
META/AMZN,2016-09-09,2016-09-23,short_spread,2.4862068081191975,0.04130275752861007,11,0.010340232166245578,0.008325030210937667,mean_reversion,0.002,stock_peer_groups,mega_cap_tech,rolling,1.5,0.5,3.0,20
META/AMZN,2016-09-29,2016-10-19,long_spread,-1.5346528906040031,-0.3785600378498908,15,0.0011262683049511057,-0.00088082042898463,mean_reversion,0.002,stock_peer_groups,mega_cap_tech,rolling,1.5,0.5,3.0,20
META/AMZN,2016-10-31,2016-11-28,short_spread,2.187994235311455,-1.1912663395202465,20,0.05781368966523681,0.055706889632483714,time_stop,0.002,stock_peer_groups,mega_cap_tech,rolling,1.5,0.5,3.0,20
META/AMZN,2016-12-02,2016-12-14,long_spread,-1.6485790454729807,-0.4033042519514844,9,0.01634530396071976,0.014316890475068123,mean_reversion,0.002,stock_peer_groups,mega_cap_tech,rolling,1.5,0.5,3.0,20
META/AMZN,2016-12-29,2017-01-05,long_spread,-1.7640858174395528,0.4111178755435879,5,0.016712878032006273,0.014680088822920823,mean_reversion,0.002,stock_peer_groups,mega_cap_tech,rolling,1.5,0.5,3.0,20
META/AMZN,2017-01-09,2017-02-06,short_spread,1.6059532473491094,1.368032032534743,20,-0.035623172960565164,-0.03755858641417875,time_stop,0.002,stock_peer_groups,mega_cap_tech,rolling,1.5,0.5,3.0,20
META/AMZN,2017-02-07,2017-02-22,short_spread,1.5540314943020153,0.31725968981521296,11,0.009120662573881333,0.007106427472784338,mean_reversion,0.002,stock_peer_groups,mega_cap_tech,rolling,1.5,0.5,3.0,20
META/AMZN,2017-03-13,2017-03-30,short_spread,1.601171381775553,0.3901045002570815,14,-0.00810666554281736,-0.01009257249004114,mean_reversion,0.002,stock_peer_groups,mega_cap_tech,rolling,1.5,0.5,3.0,20
META/AMZN,2017-04-04,2017-04-25,long_spread,-1.5512238756004275,-0.49869860143536904,15,0.0049919291137401345,0.0029737637883044954,mean_reversion,0.002,stock_peer_groups,mega_cap_tech,rolling,1.5,0.5,3.0,20
META/AMZN,2017-05-10,2017-06-07,long_spread,-1.5499796051842036,-0.9800304700572102,20,-0.016625900122090198,-0.018590412175858884,time_stop,0.002,stock_peer_groups,mega_cap_tech,rolling,1.5,0.5,3.0,20
META/AMZN,2017-06-29,2017-07-27,short_spread,1.5411619909860075,0.736754415946166,20,-0.012876188818410461,-0.014848715773332799,time_stop,0.002,stock_peer_groups,mega_cap_tech,rolling,1.5,0.5,3.0,20
META/AMZN,2017-07-28,2017-07-31,short_spread,2.309092918993768,3.2478892506029315,2,-0.017965712397213895,-0.019946746684816663,stop_loss,0.002,stock_peer_groups,mega_cap_tech,rolling,1.5,0.5,3.0,20
META/AMZN,2017-08-02,2017-08-29,short_spread,2.4836554194611997,0.9834347033024551,20,-0.01751821485616345,-0.019480655597019614,time_stop,0.002,stock_peer_groups,mega_cap_tech,rolling,1.5,0.5,3.0,20
META/AMZN,2017-09-14,2017-09-15,long_spread,-2.2576152883397946,-3.344969874464156,2,-0.0019455910953855016,-0.003942645504290132,stop_loss,0.002,stock_peer_groups,mega_cap_tech,rolling,1.5,0.5,3.0,20
META/AMZN,2017-09-18,2017-09-20,long_spread,-2.133191878011767,0.3984275307082436,3,0.011525319912000231,0.009505455194436241,mean_reversion,0.002,stock_peer_groups,mega_cap_tech,rolling,1.5,0.5,3.0,20
META/AMZN,2017-09-26,2017-10-02,long_spread,-2.163419134714475,0.046515781108003765,5,0.010563104934188772,0.00854754570697569,mean_reversion,0.002,stock_peer_groups,mega_cap_tech,rolling,1.5,0.5,3.0,20
META/AMZN,2017-10-05,2017-10-19,long_spread,-1.9042016577995668,-0.45063483694559875,11,0.003305849408173467,0.0012995297280582463,mean_reversion,0.002,stock_peer_groups,mega_cap_tech,rolling,1.5,0.5,3.0,20
META/AMZN,2017-11-13,2017-12-08,long_spread,-1.673013879384645,-0.25102962313205435,19,-0.011593629310101772,-0.013570462039350861,mean_reversion,0.002,stock_peer_groups,mega_cap_tech,rolling,1.5,0.5,3.0,20
META/AMZN,2018-01-03,2018-01-12,short_spread,1.7798477985269623,0.23889294463443603,8,0.01621414270280641,0.014179583948047636,mean_reversion,0.002,stock_peer_groups,mega_cap_tech,rolling,1.5,0.5,3.0,20
META/AMZN,2018-01-17,2018-02-05,long_spread,-2.728216873157841,-0.22536454746298554,14,-0.005654915764415347,-0.007641514751699829,mean_reversion,0.002,stock_peer_groups,mega_cap_tech,rolling,1.5,0.5,3.0,20
META/AMZN,2018-02-09,2018-02-12,long_spread,-1.7135556482285885,-0.4829386677074968,2,0.019110094365723418,0.017091984271357497,mean_reversion,0.002,stock_peer_groups,mega_cap_tech,rolling,1.5,0.5,3.0,20
META/AMZN,2018-03-08,2018-04-05,short_spread,1.6605127914816682,-1.0358273855375142,20,0.0964226420948211,0.09423795824711023,time_stop,0.002,stock_peer_groups,mega_cap_tech,rolling,1.5,0.5,3.0,20
META/AMZN,2018-06-04,2018-06-29,short_spread,1.583722619074296,0.5106496540482504,20,-0.007196136959155441,-0.009175718790003895,time_stop,0.002,stock_peer_groups,mega_cap_tech,rolling,1.5,0.5,3.0,20
META/AMZN,2018-07-09,2018-07-27,short_spread,1.8121064750268532,-4.334595319110253,15,0.10338792941990427,0.10117754602551798,stop_loss,0.002,stock_peer_groups,mega_cap_tech,rolling,1.5,0.5,3.0,20
META/AMZN,2018-09-14,2018-09-21,long_spread,-1.8563930425535426,-0.43261226653325724,6,0.02881923143256726,0.02676904875002828,mean_reversion,0.002,stock_peer_groups,mega_cap_tech,rolling,1.5,0.5,3.0,20
META/AMZN,2018-10-11,2018-10-17,long_spread,-2.142302739300209,0.03289923107549829,5,0.0481963565352681,0.04611459309347499,mean_reversion,0.002,stock_peer_groups,mega_cap_tech,rolling,1.5,0.5,3.0,20
META/AMZN,2018-10-25,2018-11-02,long_spread,-2.984401887614457,-0.48560470569055497,7,0.038094049218277526,0.03605328174857103,mean_reversion,0.002,stock_peer_groups,mega_cap_tech,rolling,1.5,0.5,3.0,20
META/AMZN,2019-04-26,2019-05-14,short_spread,2.566458239462799,0.34384543186292055,13,0.018286990811138937,0.016266665339706776,mean_reversion,0.002,stock_peer_groups,mega_cap_tech,rolling,1.5,0.5,3.0,20
META/AMZN,2019-06-04,2019-06-19,long_spread,-2.165033431188402,0.3813115111662034,12,0.01763887910004036,0.015605313371904295,mean_reversion,0.002,stock_peer_groups,mega_cap_tech,rolling,1.5,0.5,3.0,20
META/AMZN,2019-07-01,2019-07-29,short_spread,1.83969321979082,1.3437655250689662,20,-0.005122101200083717,-0.007103493984066178,time_stop,0.002,stock_peer_groups,mega_cap_tech,rolling,1.5,0.5,3.0,20
META/AMZN,2019-07-31,2019-08-15,short_spread,1.835121885130334,0.3110225897077162,12,0.005232660367789466,0.0032213499847866256,mean_reversion,0.002,stock_peer_groups,mega_cap_tech,rolling,1.5,0.5,3.0,20
META/AMZN,2019-09-11,2019-09-20,long_spread,-1.5232401832007942,-0.08417062431437569,8,0.009253060945374258,0.0072406452474749194,mean_reversion,0.002,stock_peer_groups,mega_cap_tech,rolling,1.5,0.5,3.0,20
META/AMZN,2019-10-02,2019-10-07,long_spread,-2.104317146184742,-0.09934765090303431,4,0.009862691624229702,0.007848353110855077,mean_reversion,0.002,stock_peer_groups,mega_cap_tech,rolling,1.5,0.5,3.0,20
META/AMZN,2019-10-14,2019-10-18,short_spread,1.7758825544053798,0.4101888220050449,5,0.004544128175254292,0.002539621277936721,mean_reversion,0.002,stock_peer_groups,mega_cap_tech,rolling,1.5,0.5,3.0,20
META/AMZN,2019-10-23,2019-10-24,long_spread,-2.1288778900465846,0.034599497794557045,2,0.009838054065563373,0.007829216011497664,mean_reversion,0.002,stock_peer_groups,mega_cap_tech,rolling,1.5,0.5,3.0,20
META/AMZN,2019-11-13,2019-11-18,short_spread,1.9506982161024102,3.199080627604006,4,-0.014104565217347154,-0.01608082252292098,stop_loss,0.002,stock_peer_groups,mega_cap_tech,rolling,1.5,0.5,3.0,20
META/AMZN,2019-11-19,2019-11-27,short_spread,2.8353448632899076,0.22465457626314828,7,0.01125178215432765,0.009226279910348412,mean_reversion,0.002,stock_peer_groups,mega_cap_tech,rolling,1.5,0.5,3.0,20
META/AMZN,2019-12-06,2019-12-13,short_spread,1.5533524713922742,-0.18061895331868086,6,0.012032299330065443,0.01000927411489494,mean_reversion,0.002,stock_peer_groups,mega_cap_tech,rolling,1.5,0.5,3.0,20
META/AMZN,2019-12-27,2020-01-09,long_spread,-1.745540830708863,-0.4789274440939764,9,0.009539629860219057,0.007521929522705806,mean_reversion,0.002,stock_peer_groups,mega_cap_tech,rolling,1.5,0.5,3.0,20
META/AMZN,2020-01-31,2020-02-03,long_spread,-1.522460586407942,-4.192526739965591,2,-0.05480157144800968,-0.05674576987656166,stop_loss,0.002,stock_peer_groups,mega_cap_tech,rolling,1.5,0.5,3.0,20
META/AMZN,2020-08-26,2020-09-09,short_spread,1.8482664061384904,0.2575222542195949,10,-0.003661821335512294,-0.005701595606430687,mean_reversion,0.002,stock_peer_groups,mega_cap_tech,rolling,1.5,0.5,3.0,20
META/AMZN,2020-09-25,2020-10-14,long_spread,-1.7207846839996557,-0.4890393110617226,14,0.019413885130769915,0.017381133917736102,mean_reversion,0.002,stock_peer_groups,mega_cap_tech,rolling,1.5,0.5,3.0,20
META/AMZN,2020-10-22,2020-10-29,short_spread,1.7164760392703242,0.21496833580978988,6,0.021995924067724104,0.019953425845040673,mean_reversion,0.002,stock_peer_groups,mega_cap_tech,rolling,1.5,0.5,3.0,20
META/AMZN,2020-10-30,2020-11-02,short_spread,1.7045279969053873,0.3774036520119529,2,0.020879459964316283,0.018859580504352103,mean_reversion,0.002,stock_peer_groups,mega_cap_tech,rolling,1.5,0.5,3.0,20
META/AMZN,2020-11-05,2020-11-18,short_spread,2.190446267436612,0.30459798344764616,10,0.015445113628526297,0.013407901406722322,mean_reversion,0.002,stock_peer_groups,mega_cap_tech,rolling,1.5,0.5,3.0,20
META/AMZN,2020-12-17,2021-01-15,long_spread,-2.064135828107474,-2.50098500430056,20,-0.05025133691292605,-0.05215177879751409,time_stop,0.002,stock_peer_groups,mega_cap_tech,rolling,1.5,0.5,3.0,20
META/AMZN,2021-01-19,2021-01-25,long_spread,-1.6168121364579247,-0.3671513950422696,5,0.024751245978336334,0.02272260650588742,mean_reversion,0.002,stock_peer_groups,mega_cap_tech,rolling,1.5,0.5,3.0,20
META/AMZN,2021-02-01,2021-02-10,long_spread,-1.5372996898368392,-0.39719510282805226,8,0.008733489055242405,0.006705234157718287,mean_reversion,0.002,stock_peer_groups,mega_cap_tech,rolling,1.5,0.5,3.0,20
META/AMZN,2021-03-05,2021-04-01,short_spread,1.9080425245149506,1.6846990526464336,20,-0.05083499900077082,-0.0527416525993083,time_stop,0.002,stock_peer_groups,mega_cap_tech,rolling,1.5,0.5,3.0,20
META/AMZN,2021-04-06,2021-04-14,short_spread,1.6070543684116674,0.2186348390345271,7,0.024121390764579198,0.022078221790764685,mean_reversion,0.002,stock_peer_groups,mega_cap_tech,rolling,1.5,0.5,3.0,20
META/AMZN,2021-04-30,2021-05-12,short_spread,1.550020786646515,0.4727090810312242,9,0.005943088599030588,0.003939059271359957,mean_reversion,0.002,stock_peer_groups,mega_cap_tech,rolling,1.5,0.5,3.0,20
META/AMZN,2021-05-25,2021-06-11,short_spread,1.7492277201748836,-0.023944436550077434,13,0.0037927267211887994,0.0017828702460267465,mean_reversion,0.002,stock_peer_groups,mega_cap_tech,rolling,1.5,0.5,3.0,20
META/AMZN,2021-06-17,2021-06-28,long_spread,-1.8207706761723226,-0.46686070650079065,8,0.01631687838991036,0.014280710525737206,mean_reversion,0.002,stock_peer_groups,mega_cap_tech,rolling,1.5,0.5,3.0,20
META/AMZN,2021-09-20,2021-10-04,long_spread,-1.9075425537902702,-0.438829732348295,11,0.012640044469682366,0.01062700078727885,mean_reversion,0.002,stock_peer_groups,mega_cap_tech,rolling,1.5,0.5,3.0,20
META/AMZN,2021-10-14,2021-10-18,long_spread,-1.6626543377431768,-3.324270510725157,3,-0.024123837524153924,-0.02607331795924528,stop_loss,0.002,stock_peer_groups,mega_cap_tech,rolling,1.5,0.5,3.0,20
META/AMZN,2022-01-10,2022-02-04,short_spread,1.6066574256380932,-3.6628107182286898,19,0.04379343544207348,0.041707403750306016,stop_loss,0.002,stock_peer_groups,mega_cap_tech,rolling,1.5,0.5,3.0,20
META/AMZN,2022-09-23,2022-10-05,short_spread,1.7602383330467257,-0.0863236378279046,9,0.026459162320891405,0.024395952510051666,mean_reversion,0.002,stock_peer_groups,mega_cap_tech,rolling,1.5,0.5,3.0,20
META/AMZN,2023-03-27,2023-04-20,short_spread,1.7724983968106642,-0.28983335423573037,18,-0.0016566561347735043,-0.003644115613806731,mean_reversion,0.002,stock_peer_groups,mega_cap_tech,rolling,1.5,0.5,3.0,20
META/AMZN,2023-04-24,2023-05-02,long_spread,-1.849059324136209,3.2871052733839785,7,0.10867595972642352,0.10646227072769432,stop_loss,0.002,stock_peer_groups,mega_cap_tech,rolling,1.5,0.5,3.0,20
META/AMZN,2023-07-05,2023-07-06,long_spread,-1.661174168512111,-0.425647904798501,2,0.01486043326242048,0.01284657282915802,mean_reversion,0.002,stock_peer_groups,mega_cap_tech,rolling,1.5,0.5,3.0,20
META/AMZN,2023-07-24,2023-07-28,long_spread,-2.840069752546049,0.4088090700785915,5,0.03511301319933402,0.03304429852132085,mean_reversion,0.002,stock_peer_groups,mega_cap_tech,rolling,1.5,0.5,3.0,20
META/AMZN,2023-12-28,2024-01-05,short_spread,1.842227238676367,3.460176402887137,6,-0.024527698428668976,-0.02647801340317124,stop_loss,0.002,stock_peer_groups,mega_cap_tech,rolling,1.5,0.5,3.0,20
META/AMZN,2024-01-09,2024-02-06,short_spread,2.2059217817327474,1.8084124215071873,20,-0.028781118282798057,-0.030712361425534906,time_stop,0.002,stock_peer_groups,mega_cap_tech,rolling,1.5,0.5,3.0,20
META/AMZN,2024-03-26,2024-04-01,long_spread,-1.891572425703081,-3.0258756330663372,4,-0.016473967020386726,-0.018441174610079214,stop_loss,0.002,stock_peer_groups,mega_cap_tech,rolling,1.5,0.5,3.0,20
META/AMZN,2024-04-02,2024-04-19,long_spread,-2.485940918998311,-0.43113067630852225,14,0.014563374583141497,0.012541204840700981,mean_reversion,0.002,stock_peer_groups,mega_cap_tech,rolling,1.5,0.5,3.0,20
META/AMZN,2024-07-02,2024-07-08,long_spread,-1.8542199886296384,-0.2884921095339945,4,0.019272247810268706,0.017229940621187323,mean_reversion,0.002,stock_peer_groups,mega_cap_tech,rolling,1.5,0.5,3.0,20
META/AMZN,2015-03-20,2015-03-26,short_spread,1.7345335336375276,-0.27894770859314744,5,-0.0038052985814167606,-0.0058048181863330495,mean_reversion,0.002,stock_peer_groups,mega_cap_tech,kalman,1.5,0.5,3.0,20
META/AMZN,2015-04-27,2015-05-08,long_spread,-2.328978557889017,-0.20212575775201927,10,-0.027692475780227155,-0.02963020521612114,mean_reversion,0.002,stock_peer_groups,mega_cap_tech,kalman,1.5,0.5,3.0,20
META/AMZN,2015-05-15,2015-05-22,short_spread,2.896352112261921,0.4045686522708752,6,0.009548501993369873,0.007539141736585986,mean_reversion,0.002,stock_peer_groups,mega_cap_tech,kalman,1.5,0.5,3.0,20
META/AMZN,2015-06-04,2015-06-09,short_spread,1.739935359367096,-0.18812054733733236,4,0.015407074595163328,0.013379916341961229,mean_reversion,0.002,stock_peer_groups,mega_cap_tech,kalman,1.5,0.5,3.0,20
META/AMZN,2015-06-23,2015-06-24,short_spread,2.036030255513541,3.2470787227451896,2,-0.029470803763407938,-0.031440332959644546,stop_loss,0.002,stock_peer_groups,mega_cap_tech,kalman,1.5,0.5,3.0,20
META/AMZN,2015-06-25,2015-07-02,short_spread,2.6844794781011907,-0.19167438854148922,6,0.01732584335206555,0.015300504389346825,mean_reversion,0.002,stock_peer_groups,mega_cap_tech,kalman,1.5,0.5,3.0,20
META/AMZN,2015-07-20,2015-07-23,short_spread,2.238669586940397,0.33901174620072755,4,-0.016605186153623275,-0.018594577839264104,mean_reversion,0.002,stock_peer_groups,mega_cap_tech,kalman,1.5,0.5,3.0,20
META/AMZN,2015-07-28,2015-07-30,long_spread,-2.164231119406808,-0.1684130125579694,3,0.025001099365708823,0.022963812125406546,mean_reversion,0.002,stock_peer_groups,mega_cap_tech,kalman,1.5,0.5,3.0,20
META/AMZN,2015-08-03,2015-08-06,long_spread,-1.5120552840409878,0.17589413110534757,4,0.020741066734168756,0.01870214918266422,mean_reversion,0.002,stock_peer_groups,mega_cap_tech,kalman,1.5,0.5,3.0,20
META/AMZN,2015-08-21,2015-08-27,long_spread,-1.8886719614164449,-0.03977987952896722,5,-0.02792185643155476,-0.029897627152569384,mean_reversion,0.002,stock_peer_groups,mega_cap_tech,kalman,1.5,0.5,3.0,20
META/AMZN,2015-09-30,2015-10-01,long_spread,-1.6950251045463265,-0.08275379108141255,2,0.01992341985017121,0.017904496430321215,mean_reversion,0.002,stock_peer_groups,mega_cap_tech,kalman,1.5,0.5,3.0,20
META/AMZN,2015-10-23,2015-10-29,short_spread,1.5585646321588855,0.30213353161593737,5,-0.008286956406890922,-0.01027146804034118,mean_reversion,0.002,stock_peer_groups,mega_cap_tech,kalman,1.5,0.5,3.0,20
META/AMZN,2015-11-02,2015-11-05,long_spread,-1.8090874666871446,-0.38222525422691256,4,0.007394561688338852,0.0053892115609774915,mean_reversion,0.002,stock_peer_groups,mega_cap_tech,kalman,1.5,0.5,3.0,20
META/AMZN,2015-11-06,2015-11-09,short_spread,1.885993500427586,0.13794372218111087,2,0.012593329641837903,0.010581736312196277,mean_reversion,0.002,stock_peer_groups,mega_cap_tech,kalman,1.5,0.5,3.0,20
META/AMZN,2015-11-16,2015-11-19,long_spread,-1.8898301464891032,0.43696388328919883,4,0.016999079329217626,0.014964298115715646,mean_reversion,0.002,stock_peer_groups,mega_cap_tech,kalman,1.5,0.5,3.0,20
META/AMZN,2016-01-11,2016-01-20,long_spread,-2.479765902066462,-0.3770401834130412,7,0.00047587970365126075,-0.0015277554050061593,mean_reversion,0.002,stock_peer_groups,mega_cap_tech,kalman,1.5,0.5,3.0,20
META/AMZN,2016-01-25,2016-01-26,short_spread,1.7735762694376918,0.4414208574955715,2,0.006852469609766043,0.0048466171401562175,mean_reversion,0.002,stock_peer_groups,mega_cap_tech,kalman,1.5,0.5,3.0,20
META/AMZN,2016-04-05,2016-04-08,long_spread,-2.088398583305492,-0.1533237017279287,4,0.007538489651129021,0.005525941963939074,mean_reversion,0.002,stock_peer_groups,mega_cap_tech,kalman,1.5,0.5,3.0,20
META/AMZN,2016-04-11,2016-04-21,long_spread,-2.506040956905087,0.41682123426770995,9,-0.007101147726037538,-0.009097056377549761,mean_reversion,0.002,stock_peer_groups,mega_cap_tech,kalman,1.5,0.5,3.0,20
META/AMZN,2016-06-14,2016-07-06,long_spread,-1.8188007510412834,0.3791513250859304,16,-0.0032031304894982737,-0.0051912410477216175,mean_reversion,0.002,stock_peer_groups,mega_cap_tech,kalman,1.5,0.5,3.0,20
META/AMZN,2016-07-07,2016-07-14,short_spread,2.0144738924221994,0.1884037308917632,6,0.0013587291276386804,-0.0006382395221018466,mean_reversion,0.002,stock_peer_groups,mega_cap_tech,kalman,1.5,0.5,3.0,20
META/AMZN,2016-07-19,2016-08-01,short_spread,2.315272230335859,-0.08717717499761728,10,-0.017784703678212166,-0.019753890200596813,mean_reversion,0.002,stock_peer_groups,mega_cap_tech,kalman,1.5,0.5,3.0,20
META/AMZN,2016-08-16,2016-08-18,long_spread,-1.5710603428806558,-0.29242292761317507,3,0.004180059909600908,0.002171018967067617,mean_reversion,0.002,stock_peer_groups,mega_cap_tech,kalman,1.5,0.5,3.0,20
META/AMZN,2016-09-07,2016-09-13,short_spread,1.7861727996102614,-0.0550025008213126,5,-0.0013422980891156788,-0.0033474612843240603,mean_reversion,0.002,stock_peer_groups,mega_cap_tech,kalman,1.5,0.5,3.0,20
META/AMZN,2016-09-26,2016-10-07,long_spread,-2.919768947021146,-0.13863316425676314,10,-0.008825621226324354,-0.010808058640383478,mean_reversion,0.002,stock_peer_groups,mega_cap_tech,kalman,1.5,0.5,3.0,20
META/AMZN,2016-10-20,2016-10-26,short_spread,1.783911698085284,0.3844684896064349,5,-0.005399175539178569,-0.007389462092351917,mean_reversion,0.002,stock_peer_groups,mega_cap_tech,kalman,1.5,0.5,3.0,20
META/AMZN,2016-10-31,2016-11-02,short_spread,2.8111664206600704,-0.22808053121989816,3,0.013144844295915004,0.011126407153039475,mean_reversion,0.002,stock_peer_groups,mega_cap_tech,kalman,1.5,0.5,3.0,20
META/AMZN,2016-11-07,2016-11-09,long_spread,-1.7992287897049708,0.05178882331661008,3,0.007162414629337199,0.005145407608779573,mean_reversion,0.002,stock_peer_groups,mega_cap_tech,kalman,1.5,0.5,3.0,20
META/AMZN,2016-11-15,2016-11-18,long_spread,-1.734420179411708,-0.2281090583122555,4,0.0013632514004913165,-0.0006354924521257965,mean_reversion,0.002,stock_peer_groups,mega_cap_tech,kalman,1.5,0.5,3.0,20
META/AMZN,2017-01-05,2017-01-20,short_spread,1.7816863261398388,0.05699513120153955,11,-0.030831325296057477,-0.03277131752877904,mean_reversion,0.002,stock_peer_groups,mega_cap_tech,kalman,1.5,0.5,3.0,20
META/AMZN,2017-02-16,2017-02-23,long_spread,-1.5278907397350325,0.38779573019640334,5,0.009088113328288738,0.007072497506843911,mean_reversion,0.002,stock_peer_groups,mega_cap_tech,kalman,1.5,0.5,3.0,20
META/AMZN,2017-04-03,2017-04-17,long_spread,-2.0837615819413986,-0.20292133303187534,10,-0.01249960280213036,-0.014474257616632347,mean_reversion,0.002,stock_peer_groups,mega_cap_tech,kalman,1.5,0.5,3.0,20
META/AMZN,2017-04-21,2017-05-04,short_spread,2.105095070659566,0.2842406520428094,10,-0.02378467177247745,-0.025736755940120037,mean_reversion,0.002,stock_peer_groups,mega_cap_tech,kalman,1.5,0.5,3.0,20
META/AMZN,2017-05-18,2017-05-22,long_spread,-2.595084451735258,-0.26194838049814295,3,0.010132963532855532,0.008122419025254901,mean_reversion,0.002,stock_peer_groups,mega_cap_tech,kalman,1.5,0.5,3.0,20
META/AMZN,2017-06-26,2017-06-27,short_spread,1.5481404779894938,0.4314761828157901,2,0.0034244668839160664,0.0014220424170321433,mean_reversion,0.002,stock_peer_groups,mega_cap_tech,kalman,1.5,0.5,3.0,20
META/AMZN,2017-07-12,2017-07-13,short_spread,2.384703351230713,3.2348783080330463,2,-0.011964240121989045,-0.013951275881867065,stop_loss,0.002,stock_peer_groups,mega_cap_tech,kalman,1.5,0.5,3.0,20
META/AMZN,2017-07-14,2017-07-18,short_spread,2.367697206049588,0.49242142297434494,3,0.0010054799576648676,-0.0009981844944733087,mean_reversion,0.002,stock_peer_groups,mega_cap_tech,kalman,1.5,0.5,3.0,20
META/AMZN,2017-07-28,2017-08-03,short_spread,2.1913385845229665,-0.07918644663753563,5,-0.011535240223540244,-0.013527291138772823,mean_reversion,0.002,stock_peer_groups,mega_cap_tech,kalman,1.5,0.5,3.0,20
META/AMZN,2017-08-18,2017-08-23,long_spread,-1.5854105673994079,-0.3579077602970384,4,0.008727286058565875,0.006713581990077877,mean_reversion,0.002,stock_peer_groups,mega_cap_tech,kalman,1.5,0.5,3.0,20
META/AMZN,2017-09-15,2017-09-21,long_spread,-1.8620067195617278,0.3959275694946302,5,0.011180429573440787,0.009163575306187166,mean_reversion,0.002,stock_peer_groups,mega_cap_tech,kalman,1.5,0.5,3.0,20
META/AMZN,2017-09-27,2017-09-28,long_spread,-1.7159915395840106,0.4634449852987786,2,0.009804048592149783,0.007795244543557844,mean_reversion,0.002,stock_peer_groups,mega_cap_tech,kalman,1.5,0.5,3.0,20
META/AMZN,2017-10-30,2017-11-01,long_spread,-2.162078794256919,-0.1173123619955855,3,0.006893415168153227,0.0048851639640417055,mean_reversion,0.002,stock_peer_groups,mega_cap_tech,kalman,1.5,0.5,3.0,20
META/AMZN,2017-11-22,2017-11-24,short_spread,1.707755138555765,-0.30078861526950534,2,0.008450631139714115,0.006443180508574509,mean_reversion,0.002,stock_peer_groups,mega_cap_tech,kalman,1.5,0.5,3.0,20
META/AMZN,2017-11-30,2017-12-06,long_spread,-2.958417756447074,-0.2754379043758415,5,-0.0033254088091729805,-0.005314229547137117,mean_reversion,0.002,stock_peer_groups,mega_cap_tech,kalman,1.5,0.5,3.0,20
META/AMZN,2017-12-07,2017-12-13,short_spread,1.5362892226101943,-0.2533149572473026,5,-0.0002584274993048252,-0.002270652981313459,mean_reversion,0.002,stock_peer_groups,mega_cap_tech,kalman,1.5,0.5,3.0,20
META/AMZN,2018-01-03,2018-01-10,short_spread,1.9854400749462375,0.16060901842839218,6,-0.006595472658375234,-0.008589223069044527,mean_reversion,0.002,stock_peer_groups,mega_cap_tech,kalman,1.5,0.5,3.0,20
META/AMZN,2018-01-17,2018-01-19,long_spread,-2.4244591058818243,-0.14760534694901972,3,0.008255964098805135,0.006239882727395063,mean_reversion,0.002,stock_peer_groups,mega_cap_tech,kalman,1.5,0.5,3.0,20
META/AMZN,2018-02-02,2018-02-05,short_spread,2.388083948650262,0.11357394559261468,2,0.019087204113168,0.01706911690905466,mean_reversion,0.002,stock_peer_groups,mega_cap_tech,kalman,1.5,0.5,3.0,20
META/AMZN,2018-02-06,2018-02-12,long_spread,-1.634463242221894,0.26258763852906536,5,-0.007672391519925159,-0.009652980934263033,mean_reversion,0.002,stock_peer_groups,mega_cap_tech,kalman,1.5,0.5,3.0,20
META/AMZN,2018-03-28,2018-03-29,long_spread,-1.925482749238696,0.011697512330304222,2,0.016936000435358922,0.014920064434923441,mean_reversion,0.002,stock_peer_groups,mega_cap_tech,kalman,1.5,0.5,3.0,20
META/AMZN,2018-04-11,2018-04-13,short_spread,1.8702106816344004,0.3263742209314522,3,0.007376054519988129,0.005354870491010022,mean_reversion,0.002,stock_peer_groups,mega_cap_tech,kalman,1.5,0.5,3.0,20
META/AMZN,2018-06-08,2018-06-12,long_spread,-1.7921121866739567,-0.06958573898420493,3,0.012210613526940417,0.010191568640490756,mean_reversion,0.002,stock_peer_groups,mega_cap_tech,kalman,1.5,0.5,3.0,20
META/AMZN,2018-07-02,2018-07-03,long_spread,-1.814250713641685,-0.20279838193581765,2,0.007993281839907329,0.005986288558067265,mean_reversion,0.002,stock_peer_groups,mega_cap_tech,kalman,1.5,0.5,3.0,20
META/AMZN,2018-07-05,2018-07-11,long_spread,-1.7150660585757012,0.07429352119972986,5,0.028486054284047935,0.026449360277754463,mean_reversion,0.002,stock_peer_groups,mega_cap_tech,kalman,1.5,0.5,3.0,20
META/AMZN,2018-09-21,2018-09-26,short_spread,1.7690182189525263,0.36537879819051977,4,0.009186390181967541,0.007177540069864374,mean_reversion,0.002,stock_peer_groups,mega_cap_tech,kalman,1.5,0.5,3.0,20
META/AMZN,2018-10-17,2018-10-19,short_spread,1.6600292087257447,0.07306762021028179,3,0.008888240292014293,0.006870572373844475,mean_reversion,0.002,stock_peer_groups,mega_cap_tech,kalman,1.5,0.5,3.0,20
META/AMZN,2018-10-25,2018-10-30,long_spread,-1.9699425217911024,0.02519574969357538,4,0.002754254632927111,0.0007521337310152365,mean_reversion,0.002,stock_peer_groups,mega_cap_tech,kalman,1.5,0.5,3.0,20
META/AMZN,2018-10-31,2018-11-02,short_spread,2.228187946135112,0.4039875993185322,3,-0.0009136020671326461,-0.0029245117299739887,mean_reversion,0.002,stock_peer_groups,mega_cap_tech,kalman,1.5,0.5,3.0,20
META/AMZN,2018-11-09,2018-11-14,long_spread,-2.0461915106135016,-0.3070611934092452,4,-0.006222210704371123,-0.008215456125681975,mean_reversion,0.002,stock_peer_groups,mega_cap_tech,kalman,1.5,0.5,3.0,20
META/AMZN,2018-11-20,2018-11-23,long_spread,-2.6137293586547266,0.21506869591795136,3,0.01663704496827978,0.014612841450021952,mean_reversion,0.002,stock_peer_groups,mega_cap_tech,kalman,1.5,0.5,3.0,20
META/AMZN,2018-12-11,2018-12-18,short_spread,2.0005443962000227,0.4293753227373184,6,-0.014012489934338124,-0.015984221749263283,mean_reversion,0.002,stock_peer_groups,mega_cap_tech,kalman,1.5,0.5,3.0,20
META/AMZN,2018-12-20,2018-12-31,long_spread,-2.084324856868103,0.1136288614174188,7,0.0039810857731212845,0.0019817063997102924,mean_reversion,0.002,stock_peer_groups,mega_cap_tech,kalman,1.5,0.5,3.0,20
META/AMZN,2019-03-18,2019-03-22,long_spread,-1.723245513531109,-0.4141950981294262,5,-0.01831579492880997,-0.02030660500026349,mean_reversion,0.002,stock_peer_groups,mega_cap_tech,kalman,1.5,0.5,3.0,20
META/AMZN,2019-04-03,2019-04-08,short_spread,1.812475862842535,0.43704745590308963,4,-0.0020462532043634685,-0.004037425895180302,mean_reversion,0.002,stock_peer_groups,mega_cap_tech,kalman,1.5,0.5,3.0,20
META/AMZN,2019-04-26,2019-05-02,short_spread,2.6708383601182852,0.34088699548256185,5,0.0021066666555726865,0.00011765473529012915,mean_reversion,0.002,stock_peer_groups,mega_cap_tech,kalman,1.5,0.5,3.0,20
META/AMZN,2019-05-08,2019-05-16,long_spread,-1.7071256492200362,0.07331641906436641,7,-0.0037588742381128304,-0.005750633409618899,mean_reversion,0.002,stock_peer_groups,mega_cap_tech,kalman,1.5,0.5,3.0,20
META/AMZN,2019-06-05,2019-06-10,long_spread,-1.597845483405764,0.41020945060165515,4,0.009999637013333285,0.00798171352742627,mean_reversion,0.002,stock_peer_groups,mega_cap_tech,kalman,1.5,0.5,3.0,20
META/AMZN,2019-06-17,2019-06-26,short_spread,1.6864637750991185,0.10017794389122404,8,-0.0269279807107482,-0.028898999639418332,mean_reversion,0.002,stock_peer_groups,mega_cap_tech,kalman,1.5,0.5,3.0,20
META/AMZN,2019-07-30,2019-07-31,long_spread,-1.5700129082079346,-0.4810152225472559,2,0.006166842900769964,0.0041616760578691014,mean_reversion,0.002,stock_peer_groups,mega_cap_tech,kalman,1.5,0.5,3.0,20
META/AMZN,2019-08-05,2019-08-06,long_spread,-1.6716541894835013,-3.052271724375379,2,-0.015211814106221966,-0.017195602292115697,stop_loss,0.002,stock_peer_groups,mega_cap_tech,kalman,1.5,0.5,3.0,20
META/AMZN,2019-08-15,2019-08-19,long_spread,-2.4848285283113256,-0.1668140317662703,3,0.009283090587933307,0.007273796376284336,mean_reversion,0.002,stock_peer_groups,mega_cap_tech,kalman,1.5,0.5,3.0,20
META/AMZN,2019-08-30,2019-09-09,short_spread,2.0556232926626463,-0.18913480385028714,6,0.0009289640695777646,-0.0010741277530688098,mean_reversion,0.002,stock_peer_groups,mega_cap_tech,kalman,1.5,0.5,3.0,20
META/AMZN,2019-09-25,2019-10-08,long_spread,-1.8967761011116964,0.49440099891540756,10,-0.0040075021692626,-0.005997987516787928,mean_reversion,0.002,stock_peer_groups,mega_cap_tech,kalman,1.5,0.5,3.0,20
META/AMZN,2019-10-14,2019-10-22,short_spread,1.8120625860298918,0.4555917077364937,7,-0.01040210796312313,-0.012376213138657444,mean_reversion,0.002,stock_peer_groups,mega_cap_tech,kalman,1.5,0.5,3.0,20
META/AMZN,2019-10-23,2019-10-24,long_spread,-2.2170022667753218,0.20496667143467334,2,0.014596601184265534,0.012583004583081259,mean_reversion,0.002,stock_peer_groups,mega_cap_tech,kalman,1.5,0.5,3.0,20
META/AMZN,2019-12-16,2019-12-24,long_spread,-2.952144584073796,0.41943407649252595,7,0.03441635397957343,0.032360181311376746,mean_reversion,0.002,stock_peer_groups,mega_cap_tech,kalman,1.5,0.5,3.0,20
META/AMZN,2020-01-10,2020-01-15,short_spread,1.6714156594088132,0.43096710712389574,4,-0.00820775984780786,-0.010192844714665972,mean_reversion,0.002,stock_peer_groups,mega_cap_tech,kalman,1.5,0.5,3.0,20
META/AMZN,2020-02-04,2020-02-06,long_spread,-2.010638741927323,-0.25752941037642585,3,0.013285931539076756,0.011271162764778575,mean_reversion,0.002,stock_peer_groups,mega_cap_tech,kalman,1.5,0.5,3.0,20
META/AMZN,2020-06-12,2020-06-16,long_spread,-2.136066119800662,-0.19499950711884145,3,0.021622601706882127,0.0195943830117844,mean_reversion,0.002,stock_peer_groups,mega_cap_tech,kalman,1.5,0.5,3.0,20
META/AMZN,2020-06-25,2020-06-29,long_spread,-1.5362503024797531,-3.2859821046346465,3,-0.04518043600552102,-0.047087063717202615,stop_loss,0.002,stock_peer_groups,mega_cap_tech,kalman,1.5,0.5,3.0,20
META/AMZN,2020-08-04,2020-08-06,short_spread,1.8437617202907997,-0.1887504963417796,3,0.017636438230065332,0.015610774036175945,mean_reversion,0.002,stock_peer_groups,mega_cap_tech,kalman,1.5,0.5,3.0,20
META/AMZN,2020-10-21,2020-10-22,short_spread,1.5329236799629729,3.4470110757561283,2,-0.0307077027662066,-0.03267599506344043,stop_loss,0.002,stock_peer_groups,mega_cap_tech,kalman,1.5,0.5,3.0,20
META/AMZN,2020-10-23,2020-10-27,short_spread,1.9305759492761312,-0.22126032188670758,3,0.005057644825727348,0.0030358162744079653,mean_reversion,0.002,stock_peer_groups,mega_cap_tech,kalman,1.5,0.5,3.0,20
META/AMZN,2020-10-29,2020-11-04,long_spread,-1.7300041392385326,-0.10651832389481652,5,0.008204642767090098,0.00621533571483357,mean_reversion,0.002,stock_peer_groups,mega_cap_tech,kalman,1.5,0.5,3.0,20
META/AMZN,2020-11-05,2020-11-16,short_spread,2.117734256848599,-0.3000400248883835,8,0.010807369694096236,0.008778973351551311,mean_reversion,0.002,stock_peer_groups,mega_cap_tech,kalman,1.5,0.5,3.0,20
META/AMZN,2020-12-23,2020-12-24,long_spread,-1.6620365003393736,-0.49990930494002805,2,0.0048065503997729575,0.0028027438493731793,mean_reversion,0.002,stock_peer_groups,mega_cap_tech,kalman,1.5,0.5,3.0,20
META/AMZN,2021-01-12,2021-01-28,long_spread,-2.125821832430242,-0.08682409022912316,12,0.025719422574898454,0.023653100509712255,mean_reversion,0.002,stock_peer_groups,mega_cap_tech,kalman,1.5,0.5,3.0,20
META/AMZN,2021-02-01,2021-02-03,long_spread,-1.6321782142062218,0.005729330668127641,3,0.002915648579427277,0.0009050473894760547,mean_reversion,0.002,stock_peer_groups,mega_cap_tech,kalman,1.5,0.5,3.0,20
META/AMZN,2021-03-17,2021-03-24,short_spread,1.719203683053202,-0.34333297213983316,6,-0.020925492879582785,-0.022888433431063504,mean_reversion,0.002,stock_peer_groups,mega_cap_tech,kalman,1.5,0.5,3.0,20
META/AMZN,2021-03-25,2021-03-29,long_spread,-1.6851621508265446,-0.18175464751159365,3,0.006164232390482027,0.004149908925941359,mean_reversion,0.002,stock_peer_groups,mega_cap_tech,kalman,1.5,0.5,3.0,20
META/AMZN,2021-04-14,2021-04-26,long_spread,-1.5720546168620466,-0.2495659468697963,9,-0.011476697381807455,-0.013459857644939288,mean_reversion,0.002,stock_peer_groups,mega_cap_tech,kalman,1.5,0.5,3.0,20
META/AMZN,2021-06-17,2021-06-22,long_spread,-1.583984211874085,-0.28949635133514384,4,-0.0018297504063659042,-0.0038227028238020377,mean_reversion,0.002,stock_peer_groups,mega_cap_tech,kalman,1.5,0.5,3.0,20
META/AMZN,2021-06-29,2021-07-06,short_spread,2.45126353646217,-0.4550444864415288,5,0.008597756516608213,0.0065886764738880554,mean_reversion,0.002,stock_peer_groups,mega_cap_tech,kalman,1.5,0.5,3.0,20
META/AMZN,2021-07-07,2021-07-12,long_spread,-2.27707117325695,-0.4461422199786938,4,-0.00856122248028568,-0.010549275629992305,mean_reversion,0.002,stock_peer_groups,mega_cap_tech,kalman,1.5,0.5,3.0,20
META/AMZN,2021-07-26,2021-08-03,short_spread,2.8261142230266447,0.00427234785508245,7,-0.003509607986079355,-0.005501798527099977,mean_reversion,0.002,stock_peer_groups,mega_cap_tech,kalman,1.5,0.5,3.0,20
META/AMZN,2021-09-20,2021-09-23,long_spread,-2.6914285394257167,-3.716634099184104,4,-0.02866593430557296,-0.030611535114681288,stop_loss,0.002,stock_peer_groups,mega_cap_tech,kalman,1.5,0.5,3.0,20
META/AMZN,2021-09-24,2021-09-27,long_spread,-1.9161969671943035,0.2977103863628298,2,0.011716949470436333,0.00970623252096603,mean_reversion,0.002,stock_peer_groups,mega_cap_tech,kalman,1.5,0.5,3.0,20
META/AMZN,2021-10-05,2021-10-06,long_spread,-1.7161769584937296,0.21886077464500808,2,0.009405060411174615,0.0073966553507633925,mean_reversion,0.002,stock_peer_groups,mega_cap_tech,kalman,1.5,0.5,3.0,20
META/AMZN,2021-10-20,2021-10-26,short_spread,2.0187895795245483,0.4359915574737996,5,0.0069682447553447435,0.0049506997580575085,mean_reversion,0.002,stock_peer_groups,mega_cap_tech,kalman,1.5,0.5,3.0,20
META/AMZN,2021-10-27,2021-11-09,long_spread,-2.4814131607886893,0.47669731325231596,10,0.0324883876994122,0.030415082901538826,mean_reversion,0.002,stock_peer_groups,mega_cap_tech,kalman,1.5,0.5,3.0,20
META/AMZN,2021-11-16,2021-11-17,short_spread,1.6327683827409532,0.41313523006800057,2,0.007875132456221845,0.005868257323765613,mean_reversion,0.002,stock_peer_groups,mega_cap_tech,kalman,1.5,0.5,3.0,20
META/AMZN,2021-12-02,2021-12-17,long_spread,-2.146637325111608,0.18670191427886662,12,0.05687332014059687,0.054760882957023416,mean_reversion,0.002,stock_peer_groups,mega_cap_tech,kalman,1.5,0.5,3.0,20
META/AMZN,2021-12-28,2021-12-30,short_spread,1.911911344841878,0.2710889791277068,3,0.004915796141713669,0.002909047946693777,mean_reversion,0.002,stock_peer_groups,mega_cap_tech,kalman,1.5,0.5,3.0,20
META/AMZN,2022-02-03,2022-02-04,short_spread,1.710623079795895,-5.439359390435366,2,0.13759999798302247,0.13546339798503948,stop_loss,0.002,stock_peer_groups,mega_cap_tech,kalman,1.5,0.5,3.0,20
META/AMZN,2023-04-20,2023-04-28,long_spread,-2.177596911920033,3.488592111714036,7,0.046823580654399954,0.044724924486968964,stop_loss,0.002,stock_peer_groups,mega_cap_tech,kalman,1.5,0.5,3.0,20
META/AMZN,2023-07-13,2023-07-18,short_spread,2.0022484284818534,-0.06081880791561384,4,0.005688261856026111,0.0036804716710945318,mean_reversion,0.002,stock_peer_groups,mega_cap_tech,kalman,1.5,0.5,3.0,20
META/AMZN,2023-07-24,2023-08-01,long_spread,-2.5938017206583117,-0.25488656371401064,7,0.03829082172025289,0.036213396009797005,mean_reversion,0.002,stock_peer_groups,mega_cap_tech,kalman,1.5,0.5,3.0,20
META/AMZN,2023-08-08,2023-08-15,long_spread,-1.5676073902366132,-0.46712084789107516,6,-0.015297348559290436,-0.017266932006786972,mean_reversion,0.002,stock_peer_groups,mega_cap_tech,kalman,1.5,0.5,3.0,20
META/AMZN,2023-09-20,2023-10-02,short_spread,1.5872531477170737,-0.25299812639257413,9,-0.02091992300540535,-0.022873078554655146,mean_reversion,0.002,stock_peer_groups,mega_cap_tech,kalman,1.5,0.5,3.0,20
META/AMZN,2023-10-09,2023-10-18,short_spread,1.8738991554647078,0.2586621956699626,8,-0.005969953591111188,-0.00796169703946048,mean_reversion,0.002,stock_peer_groups,mega_cap_tech,kalman,1.5,0.5,3.0,20
META/AMZN,2023-10-20,2023-10-24,long_spread,-1.6835694246924477,-0.056126457642481614,3,0.008044236811453276,0.006031129147453074,mean_reversion,0.002,stock_peer_groups,mega_cap_tech,kalman,1.5,0.5,3.0,20
META/AMZN,2023-10-27,2023-11-02,long_spread,-2.7859362146526,-0.08800710885663075,5,-0.006929838321914961,-0.00892448941611157,mean_reversion,0.002,stock_peer_groups,mega_cap_tech,kalman,1.5,0.5,3.0,20
META/AMZN,2023-12-11,2023-12-12,short_spread,1.6912912923838685,0.1567349599452068,2,0.009544021083283338,0.007535477062200258,mean_reversion,0.002,stock_peer_groups,mega_cap_tech,kalman,1.5,0.5,3.0,20
META/AMZN,2023-12-20,2023-12-26,short_spread,1.5478372603522832,0.47196042321161824,4,-0.006155243788085296,-0.008144353100159263,mean_reversion,0.002,stock_peer_groups,mega_cap_tech,kalman,1.5,0.5,3.0,20
META/AMZN,2024-02-02,2024-02-05,long_spread,-1.664055978630018,5.192440452422667,2,0.08952453079561118,0.08743600626481562,stop_loss,0.002,stock_peer_groups,mega_cap_tech,kalman,1.5,0.5,3.0,20
META/AMZN,2024-03-28,2024-04-03,long_spread,-1.6037982990261659,0.42007102448119626,4,0.002236529170753565,0.00022185293410181828,mean_reversion,0.002,stock_peer_groups,mega_cap_tech,kalman,1.5,0.5,3.0,20
META/AMZN,2024-04-05,2024-04-09,short_spread,1.612057783862498,-0.10352561818028773,3,0.0021000331439400277,8.972591132683227e-05,mean_reversion,0.002,stock_peer_groups,mega_cap_tech,kalman,1.5,0.5,3.0,20
META/AMZN,2024-04-29,2024-05-02,long_spread,-2.7543894984970883,-0.03345632376557551,4,-0.00424328502101301,-0.006251252026248877,mean_reversion,0.002,stock_peer_groups,mega_cap_tech,kalman,1.5,0.5,3.0,20
META/AMZN,2024-06-21,2024-06-24,long_spread,-1.5388210385830001,-3.0142119722695897,2,-0.014714840417829778,-0.016699125577411933,stop_loss,0.002,stock_peer_groups,mega_cap_tech,kalman,1.5,0.5,3.0,20
META/AMZN,2024-07-01,2024-07-05,long_spread,-1.694021007265612,-0.15024149503906326,4,-0.0027249463605502067,-0.0047264569447326155,mean_reversion,0.002,stock_peer_groups,mega_cap_tech,kalman,1.5,0.5,3.0,20
META/AMZN,2024-07-08,2024-07-09,short_spread,2.839604841255423,0.4784717212051108,2,0.01002200909494233,0.00801298708584719,mean_reversion,0.002,stock_peer_groups,mega_cap_tech,kalman,1.5,0.5,3.0,20
META/AMZN,2024-07-15,2024-07-24,long_spread,-2.229628072756673,0.3098032864473306,8,0.005764129279140828,0.003754189258864171,mean_reversion,0.002,stock_peer_groups,mega_cap_tech,kalman,1.5,0.5,3.0,20
META/AMZN,2024-10-01,2024-10-15,short_spread,1.6513298450555796,-0.3053087789451027,11,-0.01530338052855107,-0.0172785127469125,mean_reversion,0.002,stock_peer_groups,mega_cap_tech,kalman,1.5,0.5,3.0,20
META/AMZN,2024-11-05,2024-11-08,long_spread,-1.9785726168339697,0.17972861151227879,4,0.0019607010535742653,-3.7939297833466945e-05,mean_reversion,0.002,stock_peer_groups,mega_cap_tech,kalman,1.5,0.5,3.0,20
META/AMZN,2024-11-22,2024-11-27,short_spread,1.6137194673488766,0.04688124695719362,4,0.008803377459845274,0.006788267026909489,mean_reversion,0.002,stock_peer_groups,mega_cap_tech,kalman,1.5,0.5,3.0,20
META/AMZN,2024-12-03,2024-12-06,short_spread,1.7801214425961513,-0.4130339559844071,4,0.0028648860691828926,0.0008447124302921605,mean_reversion,0.002,stock_peer_groups,mega_cap_tech,kalman,1.5,0.5,3.0,20
META/AMZN,2024-12-23,2024-12-26,long_spread,-1.7560537645734133,0.4807410320755462,3,0.014786940997880249,0.012772755290742843,mean_reversion,0.002,stock_peer_groups,mega_cap_tech,kalman,1.5,0.5,3.0,20
META/AMZN,2017-07-18,2017-07-31,short_spread,2.3644202427388494,2.9335647354737624,10,-0.044265005861468865,-0.04618230962728731,stop_loss,0.002,stock_peer_groups,mega_cap_tech,static,1.75,0.5,2.75,30
META/AMZN,2017-08-01,2017-09-12,short_spread,2.568427630422373,1.2476752294200515,30,-0.01950617976531177,-0.02146532400774459,time_stop,0.002,stock_peer_groups,mega_cap_tech,static,1.75,0.5,2.75,30
META/AMZN,2017-09-20,2017-09-26,short_spread,1.847037659098411,-2.8416348254145634,5,0.024037272594536807,0.021992830675468422,stop_loss,0.002,stock_peer_groups,mega_cap_tech,static,1.75,0.5,2.75,30
COST/LOW,2018-01-02,2018-01-30,long_spread,-1.8238939447596438,-0.8278465732610165,20,-0.02338524226728944,-0.025325176524381043,time_stop,0.002,stock_peer_groups,retail_consumer,rolling,1.25,0.0,3.0,20
COST/LOW,2018-02-08,2018-03-01,long_spread,-1.3399274058201571,3.2152703194440067,15,0.07124457591456901,0.06910791111067782,stop_loss,0.002,stock_peer_groups,retail_consumer,rolling,1.25,0.0,3.0,20
COST/LOW,2018-03-14,2018-04-04,short_spread,1.3314813637856853,-0.24261325809047743,15,0.015869477951673705,0.014863672563948827,time_stop,0.001,stock_peer_groups,retail_consumer,rolling,1.25,0.0,3.0,20
COST/HD,2018-06-26,2018-07-17,short_spread,1.4188500313289891,0.9054961430692305,15,-0.0011368618704494793,-0.0031296245195991945,time_stop,0.002,stock_peer_groups,retail_consumer,rolling,1.25,0.5,3.5,15
COST/HD,2018-07-26,2018-08-10,short_spread,1.5393417755766936,0.01910866885661284,12,-0.0021926607664389808,-0.004193581949773928,mean_reversion,0.002,stock_peer_groups,retail_consumer,rolling,1.25,0.5,3.5,15
COST/HD,2018-08-14,2018-08-28,short_spread,1.452495221932877,0.2190496957880964,11,-0.0017191342370692642,-0.003722888660993573,mean_reversion,0.002,stock_peer_groups,retail_consumer,rolling,1.25,0.5,3.5,15
COST/HD,2018-09-12,2018-10-02,long_spread,-2.1475756160253336,-0.9553266443426813,15,-0.0014211988342363036,-0.0034157624695525524,time_stop,0.002,stock_peer_groups,retail_consumer,rolling,1.25,0.5,3.5,15
COST/LOW,2019-02-14,2019-03-14,long_spread,-1.800980360377227,2.5435394208216064,20,0.05859677792424045,0.05648315694685668,time_stop,0.002,stock_peer_groups,retail_consumer,static,1.75,0.0,3.0,20
COST/LOW,2019-03-15,2019-04-04,short_spread,2.097167055484158,-0.2716797870041949,15,0.03145586205512729,0.030421774313549754,time_stop,0.001,stock_peer_groups,retail_consumer,static,1.75,0.0,3.0,20
META/AMZN,2021-01-13,2021-01-26,long_spread,-2.325274541855201,-0.3350259532564918,9,0.03501416199366725,0.03293996303221669,mean_reversion,0.002,stock_peer_groups,mega_cap_tech,static,1.75,0.5,3.0,20
META/AMZN,2021-02-01,2021-02-17,long_spread,-1.9145628191490407,-0.16963688932266072,12,0.02476446978585689,0.02270522759462268,mean_reversion,0.002,stock_peer_groups,mega_cap_tech,static,1.75,0.5,3.0,20
META/AMZN,2021-03-16,2021-03-22,short_spread,1.7767891852186581,3.339603877139723,5,-0.03388478785287552,-0.0358258247845592,stop_loss,0.002,stock_peer_groups,mega_cap_tech,static,1.75,0.5,3.0,20
META/AMZN,2021-03-24,2021-04-06,short_spread,2.534292733129448,2.1509439051541923,9,-0.01881659381224421,-0.019788442722746047,time_stop,0.001,stock_peer_groups,mega_cap_tech,static,1.75,0.5,3.0,20
VEA/EEM,2021-06-29,2021-07-27,long_spread,-2.6408635632651594,2.7721192980308293,20,0.03561106180181062,0.033541136407948535,time_stop,0.002,etf_peer_groups,international_equity,rolling,2.5,0.0,3.0,20
VEA/VWO,2021-12-20,2022-01-10,long_spread,-1.8979096152033754,-1.0400601643984433,15,0.024196039314274387,0.02214664108290587,time_stop,0.002,etf_peer_groups,international_equity,rolling,1.25,0.25,2.75,15
VEA/VWO,2022-01-11,2022-01-13,long_spread,-1.4807410787765638,0.04387285954529035,3,0.024531216930059996,0.02249627580798097,mean_reversion,0.002,etf_peer_groups,international_equity,rolling,1.25,0.25,2.75,15
VEA/VWO,2022-01-19,2022-01-25,long_spread,-1.4805804092829944,-3.0302244706395074,5,-0.029268104479947432,-0.031208184319552856,stop_loss,0.002,etf_peer_groups,international_equity,rolling,1.25,0.25,2.75,15
VEA/VWO,2022-01-31,2022-02-10,long_spread,-2.646228109203568,-0.2264401526180585,9,0.04431618869985465,0.04224620010142677,mean_reversion,0.002,etf_peer_groups,international_equity,rolling,1.25,0.25,2.75,15
VEA/VWO,2022-07-08,2022-08-04,long_spread,-1.9318052413023252,0.7010156825830965,20,0.030922476254502396,0.02886415911724738,time_stop,0.002,etf_peer_groups,international_equity,static,1.75,0.0,3.0,20
VEA/VWO,2023-07-19,2023-08-29,short_spread,2.3831971164783567,0.5943228033059569,30,0.014923309968805754,0.012893940783923474,time_stop,0.002,etf_peer_groups,international_equity,kalman,2.0,0.0,2.75,30
VEA/VWO,2023-10-03,2023-10-05,long_spread,-2.280604394978054,0.5193201881697407,3,0.0040961391077312115,0.0030908023317099964,time_stop,0.001,etf_peer_groups,international_equity,kalman,2.0,0.0,2.75,30
META/AMZN,2024-02-05,2024-03-04,short_spread,2.05740849825299,1.6693483754725171,20,-0.004890885090686581,-0.006870976780872562,time_stop,0.002,stock_peer_groups,mega_cap_tech,static,1.75,0.0,3.0,20
META/AMZN,2024-03-07,2024-04-04,short_spread,1.9578688928938104,0.7523256632100789,20,0.01812400013928772,0.016085445198336323,time_stop,0.002,stock_peer_groups,mega_cap_tech,static,1.75,0.0,3.0,20
META/AMZN,2024-07-18,2024-07-24,long_spread,-2.113088301200097,0.3095828833828324,5,0.03447547458449862,0.03243419595865338,mean_reversion,0.002,stock_peer_groups,mega_cap_tech,kalman,1.5,0.75,3.5,5
META/AMZN,2024-08-02,2024-08-05,short_spread,2.630727573853307,3.6926898596241204,2,-0.029767577399260392,-0.03173680982186111,stop_loss,0.002,stock_peer_groups,mega_cap_tech,kalman,1.5,0.75,3.5,5
META/AMZN,2024-08-06,2024-08-12,short_spread,2.4584703652620896,1.1900332421734148,5,-0.030309470824905316,-0.032266075545769324,time_stop,0.002,stock_peer_groups,mega_cap_tech,kalman,1.5,0.75,3.5,5
