pair,universe_mode,peer_group,ticker_y,ticker_x,stage,hedge_mode,entry_threshold,exit_threshold,stop_threshold,max_holding_period,zscore_window,use_volatility_filter,volatility_percentile,cooldown_days,stability_score,training_score,validation_total_return,validation_sharpe,validation_max_drawdown,validation_volatility,validation_profit_factor,validation_trades,validation_turnover,validation_average_holding_period,validation_win_rate,robust_score,weight,segment,train_start,train_end,validation_start,validation_end,test_start,test_end,train_observations,validation_observations,test_observations
EEM/VEA,etf_peer_groups,international_equity,VEA,EEM,refinement,rolling_126,1.5,0.5,3.0,20,36,False,0.9,0,0.7235787088455857,0.7218699511113219,0.0451009772791208,3.7932190684113047,-0.004765381088272,0.0243160363391309,5.0,8.0,15.0,7.75,1.0,3.897745509011708,0.35,0,2015-01-02,2016-12-30,2017-01-03,2017-07-03,2017-07-05,2017-10-02,504,126,63
AMZN/META,stock_peer_groups,mega_cap_tech,META,AMZN,refinement,rolling_126,1.5,0.5,3.0,20,34,False,0.9,0,0.8084115728721599,1.1491745614261748,0.0306335509942767,1.2849219455681635,-0.0204826683522636,0.0484119028783236,2.8000181522441854,6.0,11.0,11.666666666666666,0.5,1.412035396711498,0.3,0,2015-01-02,2016-12-30,2017-01-03,2017-07-03,2017-07-05,2017-10-02,504,126,63
IEFA/VWO,etf_peer_groups,international_equity,IEFA,VWO,refinement,rolling_126,1.75,0.5,3.0,20,36,False,0.9,0,0.7177890856944348,0.6586585815042598,0.0033032198897398,0.2920274154496038,-0.0161804867063154,0.0226600335825715,1.2261259310114658,5.0,9.0,8.8,0.6,0.3154858721699857,0.35,0,2015-01-02,2016-12-30,2017-01-03,2017-07-03,2017-07-05,2017-10-02,504,126,63
AMD/AVGO,stock_peer_groups,semiconductors,AMD,AVGO,refinement,rolling_252,2.0,0.5,3.5,20,20,False,0.9,0,0.7751920372115001,0.8399235830902758,0.1905247481318086,4.285997141614906,-0.0210400908517004,0.0973750476550842,5.0,5.0,10.0,11.2,1.0,4.129089962639689,0.5,1,2015-04-06,2017-04-03,2017-04-04,2017-10-02,2017-10-03,2018-01-02,504,126,63
GOVT/TLT,etf_peer_groups,treasuries,TLT,GOVT,refinement,static,1.75,0.0,3.0,30,30,False,0.9,0,0.9915529561842136,0.8942360498430236,0.0004700959990058,0.1150642888873362,-0.0040088240061599,0.0081729352986378,1.1338064024721104,4.0,7.0,27.0,0.75,0.2626251795225593,0.5,1,2015-04-06,2017-04-03,2017-04-04,2017-10-02,2017-10-03,2018-01-02,504,126,63
COST/HD,stock_peer_groups,retail_consumer,COST,HD,refinement,static,2.0,0.5,3.5,20,28,False,0.9,0,0.6054486013498331,0.8216434986527049,0.0547761978979342,3.079823814458495,-0.0098624924927887,0.036545216360635,5.0,3.0,6.0,8.333333333333334,1.0,2.4918766678918405,0.35,2,2015-07-06,2017-07-03,2017-07-05,2018-01-02,2018-01-03,2018-04-04,504,126,63
AMZN/GOOGL,stock_peer_groups,mega_cap_tech,GOOGL,AMZN,refinement,kalman,1.5,0.0,3.0,20,35,False,0.9,0,0.6776459618446351,0.6829705620475663,0.0523011938091095,1.8312447353164245,-0.0200821191599626,0.0586146681664207,13.14616677398868,4.0,8.0,20.0,0.75,1.718529882929548,0.3,2,2015-07-06,2017-07-03,2017-07-05,2018-01-02,2018-01-03,2018-04-04,504,126,63
GOVT/TLT,etf_peer_groups,treasuries,TLT,GOVT,refinement,kalman,1.75,0.0,3.0,30,20,False,0.9,0,0.7617713878146134,0.6626119164632142,0.0022886245116744,0.3166497528752011,-0.0058342290564388,0.0144717839944447,2.5800498979015525,3.0,6.0,30.0,0.3333333333333333,0.445652293686354,0.35,2,2015-07-06,2017-07-03,2017-07-05,2018-01-02,2018-01-03,2018-04-04,504,126,63
GOOGL/MSFT,stock_peer_groups,mega_cap_tech,MSFT,GOOGL,refinement,rolling_252,1.75,0.0,3.0,10,30,False,0.9,0,0.8211522499019175,0.9676357244221248,0.1004548569649093,3.2269352951248385,-0.0217236917061612,0.0653873948251869,15.837551501960323,9.0,17.0,9.333333333333334,0.6666666666666666,3.292869957880968,0.35,3,2015-10-02,2017-10-02,2017-10-03,2018-04-04,2018-04-05,2018-07-03,504,126,63
INTC/MU,stock_peer_groups,semiconductors,INTC,MU,refinement,static,1.5,0.5,3.5,20,41,False,0.9,0,0.4881329313559298,0.710841219792302,0.1649956182787304,2.013794286520217,-0.1323853979144749,0.1773839527700215,2.665311535408435,8.0,16.0,10.5,0.875,1.8739194350770576,0.3,3,2015-10-02,2017-10-02,2017-10-03,2018-04-04,2018-04-05,2018-07-03,504,126,63
TLH/TLT,etf_peer_groups,treasuries,TLH,TLT,refinement,kalman,2.0,0.0,3.0,30,30,False,0.9,0,0.914234611473044,0.8159320438589392,0.0017744607023348,0.3609977961246066,-0.007767960720963,0.0098395894755762,2.0880016577916978,2.0,4.0,30.0,0.5,0.4817640128129117,0.35,3,2015-10-02,2017-10-02,2017-10-03,2018-04-04,2018-04-05,2018-07-03,504,126,63
COP/CVX,stock_peer_groups,energy,CVX,COP,refinement,static,1.75,0.0,3.0,10,20,False,0.9,0,0.8017705065244553,0.7959206601290937,0.0694299400484941,1.99160455436106,-0.0556082049353396,0.0721430347995065,4.135923007689689,7.0,14.0,10.0,0.5714285714285714,2.0876735011671514,0.5,4,2016-01-04,2018-01-02,2018-01-03,2018-07-03,2018-07-05,2018-10-02,504,126,63
EEM/EFA,etf_peer_groups,international_equity,EFA,EEM,refinement,kalman,1.75,0.5,3.0,10,28,False,0.9,0,0.7336514482953338,0.7258822940495518,0.0077422549328152,0.5484006251767133,-0.0131519960825562,0.0283450668424496,4.056814944251199,5.0,10.0,5.2,0.8,0.6655463475741774,0.5,4,2016-01-04,2018-01-02,2018-01-03,2018-07-03,2018-07-05,2018-10-02,504,126,63
HD/WMT,stock_peer_groups,retail_consumer,WMT,HD,refinement,kalman,1.75,0.0,3.5,20,37,False,0.9,0,0.5461152233584654,0.5486930103313388,0.1339764758591226,3.2653341191667544,-0.0232093634144646,0.0875569351766158,41.73797806246001,4.0,8.0,20.0,0.75,2.8512120952242834,0.5,5,2016-04-05,2018-04-04,2018-04-05,2018-10-02,2018-10-03,2019-01-03,504,126,63
VGT/XLK,etf_peer_groups,nasdaq_growth,XLK,VGT,refinement,static,2.0,0.5,3.0,30,27,False,0.9,0,0.6130978414412849,0.5138970805030476,0.0119372223474747,2.0402503677961814,-0.0034755434347319,0.011771566054545,9.328711899529097,5.0,10.0,11.0,0.4,2.088456893007496,0.5,5,2016-04-05,2018-04-04,2018-04-05,2018-10-02,2018-10-03,2019-01-03,504,126,63
GS/WFC,stock_peer_groups,banks,GS,WFC,refinement,rolling_126,1.5,0.0,3.0,10,50,False,0.9,0,0.6151895494269805,0.7940498031524863,0.2399244653126175,4.150437224630341,-0.0388075792224116,0.1294833894828141,6.457373291504762,8.0,16.0,10.0,0.75,4.178279724984913,0.1054833255150306,6,2016-07-05,2018-07-03,2018-07-05,2019-01-03,2019-01-04,2019-04-04,504,126,63
BAC/MS,stock_peer_groups,banks,BAC,MS,refinement,static,1.5,0.5,3.0,20,30,False,0.9,0,0.6833025614105372,0.952933086966796,0.0495408691058079,1.754008890058116,-0.0217189111861889,0.057887982494781,9.600062201244905,6.0,12.0,10.0,0.8333333333333334,1.9298698542091168,0.2359442829578065,6,2016-07-05,2018-07-03,2018-07-05,2019-01-03,2019-01-04,2019-04-04,504,126,63
EEM/IEFA,etf_peer_groups,international_equity,IEFA,EEM,filter,static,2.0,0.5,3.0,10,32,True,0.9,0,0.6599157277334666,0.6862286013898321,0.015754398551858,1.303181213107956,-0.0095478751999003,0.0243688274953792,7.830484627144292,5.0,9.0,7.8,0.8,1.4395792217150578,0.35,6,2016-07-05,2018-07-03,2018-07-05,2019-01-03,2019-01-04,2019-04-04,504,126,63
AAPL/META,stock_peer_groups,mega_cap_tech,AAPL,META,filter,kalman,1.5,0.5,3.0,10,41,True,0.9,0,0.6286201558816696,0.7079286293095539,0.0028828166690302,0.1304462981753466,-0.0144239688551845,0.0442629959667109,5.0,2.0,4.0,4.0,1.0,0.4037954523115155,0.3085723915271628,6,2016-07-05,2018-07-03,2018-07-05,2019-01-03,2019-01-04,2019-04-04,504,126,63
COST/LOW,stock_peer_groups,retail_consumer,COST,LOW,filter,static,1.75,0.0,3.0,20,30,True,0.9,0,0.567168790088644,0.6545128232981998,0.2860823771790202,6.071274148394015,-0.0245166954296808,0.1077216849223385,5.0,5.0,9.0,16.4,1.0,5.772126383267713,0.5,7,2016-10-03,2018-10-02,2018-10-03,2019-04-04,2019-04-05,2019-07-05,504,126,63
AMZN/MSFT,stock_peer_groups,mega_cap_tech,MSFT,AMZN,refinement,rolling_252,1.5,0.5,3.5,30,28,False,0.9,0,0.5921658821731297,0.7000026547740511,0.1162440518898644,2.9717944524249824,-0.0371263719738107,0.0827785324044756,5.0,6.0,12.0,12.5,1.0,3.111669909670009,0.5,7,2016-10-03,2018-10-02,2018-10-03,2019-04-04,2019-04-05,2019-07-05,504,126,63
HD/TGT,stock_peer_groups,retail_consumer,HD,TGT,refinement,static,2.0,0.0,3.0,20,49,False,0.9,0,0.3721643076358585,0.6162149864981851,0.1344323865097094,4.028682809017513,-0.019220110535065,0.0712234874683745,5.0,3.0,6.0,20.0,1.0,3.085553986584288,0.5,8,2017-01-03,2019-01-03,2019-01-04,2019-07-05,2019-07-08,2019-10-03,504,126,63
QQQ/XLK,etf_peer_groups,nasdaq_growth,QQQ,XLK,refinement,kalman,1.75,0.0,3.0,30,35,False,0.9,0,0.6079459320735517,0.4743367237299472,0.0359591445081302,2.917678633821472,-0.0078871603241488,0.0250923279354201,5.0,4.0,7.0,25.75,1.0,2.6462846073514643,0.5,8,2017-01-03,2019-01-03,2019-01-04,2019-07-05,2019-07-08,2019-10-03,504,126,63
QQQ/XLK,etf_peer_groups,nasdaq_growth,QQQ,XLK,refinement,rolling_252,1.5,0.0,3.0,20,26,False,0.9,0,0.675346660836829,0.6482502055044338,0.0246785098564361,2.744815711711136,-0.0049678831678333,0.018203789911439,5.0,5.0,10.0,17.2,1.0,2.7306291024745377,0.35,9,2017-04-04,2019-04-04,2019-04-05,2019-10-03,2019-10-04,2020-01-03,504,126,63
HD/TGT,stock_peer_groups,retail_consumer,HD,TGT,refinement,rolling_252,1.75,0.5,3.0,20,56,False,0.9,0,0.565379105609664,0.6824933040186663,0.0801333500712435,3.0124052173269296,-0.0171120007769201,0.0553338750634746,7.153965349447721,4.0,8.0,11.0,0.75,2.702323369324173,0.2497013806505022,9,2017-04-04,2019-04-04,2019-04-05,2019-10-03,2019-10-04,2020-01-03,504,126,63
COST/LOW,stock_peer_groups,retail_consumer,COST,LOW,refinement,kalman,1.5,0.5,3.0,10,38,False,0.9,0,0.5632764999449763,0.935861081944283,0.0768528860250976,2.3344877580176475,-0.0209937241096666,0.0683713750874916,9.124603102846995,9.0,18.0,4.111111111111111,0.7777777777777778,2.308461692272528,0.2020866917245868,9,2017-04-04,2019-04-04,2019-04-05,2019-10-03,2019-10-04,2020-01-03,504,126,63
AMZN/GOOGL,stock_peer_groups,mega_cap_tech,GOOGL,AMZN,filter,kalman,1.5,0.5,3.0,10,35,True,0.9,0,0.7794152295786553,0.9369523102657926,0.0636706703921563,1.884940174041828,-0.0127951127326072,0.0697079392025221,8.77147579482967,5.0,9.0,3.0,0.6,1.9593122778899,0.198211927624911,9,2017-04-04,2019-04-04,2019-04-05,2019-10-03,2019-10-04,2020-01-03,504,126,63
LOW/TGT,stock_peer_groups,retail_consumer,LOW,TGT,refinement,rolling_252,1.5,0.0,3.0,20,33,False,0.9,0,0.5349681390531582,0.6861772862106734,0.1791849628396375,3.526596697762046,-0.0290798642388755,0.1107235133620217,5.0,6.0,11.0,18.666666666666668,1.0,3.679001487996593,1.0,10,2017-07-05,2019-07-05,2019-07-08,2020-01-03,2020-01-06,2020-04-03,504,126,63
ABBV/MRK,stock_peer_groups,healthcare,MRK,ABBV,refinement,kalman,2.0,0.5,3.5,10,32,False,0.9,0,0.6726660551875097,1.027270932625939,0.0965270604860097,1.7268675340944044,-0.0616247799423428,0.1171899930843369,2.8773707952455974,9.0,18.0,4.333333333333333,0.8888888888888888,1.5848776687366084,1.0,11,2017-10-03,2019-10-03,2019-10-04,2020-04-03,2020-04-06,2020-07-06,504,126,63
QQQ/XLK,etf_peer_groups,nasdaq_growth,QQQ,XLK,refinement,rolling_252,1.5,0.0,3.0,20,39,False,0.9,0,0.7580366912296362,0.8477848874841859,0.0313935773014826,2.210574325320431,-0.0097968966198606,0.0288489333148774,6.467917717601745,6.0,11.0,15.833333333333334,0.5,2.424164721096413,0.1601724806996751,12,2018-01-03,2020-01-03,2020-01-06,2020-07-06,2020-07-07,2020-10-02,504,126,63
IYR/VNQ,etf_peer_groups,real_estate,VNQ,IYR,refinement,rolling_126,2.0,0.0,3.0,20,20,False,0.9,0,0.9084399791590152,0.8084399791590151,0.0098271756083148,1.1399940014579584,-0.0057387385049799,0.0173254636180597,4.72366128836498,4.0,8.0,20.0,0.75,1.2406792802388154,0.2667060066298482,12,2018-01-03,2020-01-03,2020-01-06,2020-07-06,2020-07-07,2020-10-02,504,126,63
GOVT/TLH,etf_peer_groups,treasuries,TLH,GOVT,refinement,static,2.0,0.0,3.0,30,21,False,0.9,0,0.6877684894317213,0.5877684894317212,0.009995369532838,0.9701026605712196,-0.0063799092571783,0.0207098148416006,2.581642342049503,3.0,5.0,18.33333333333333,0.6666666666666666,0.9428433513100454,0.2231215126704767,12,2018-01-03,2020-01-03,2020-01-06,2020-07-06,2020-07-07,2020-10-02,504,126,63
IEFA/VEA,etf_peer_groups,international_equity,VEA,IEFA,refinement,kalman,2.0,0.0,3.5,30,20,False,0.9,0,0.7655789047266256,0.6655789047266255,0.0022147893720918,0.4577192275156992,-0.0068070659589108,0.009688218824048,1.7179022953325036,3.0,5.0,28.666666666666668,0.6666666666666666,0.5175149008392326,0.35,12,2018-01-03,2020-01-03,2020-01-06,2020-07-06,2020-07-07,2020-10-02,504,126,63
COST/WMT,stock_peer_groups,retail_consumer,COST,WMT,refinement,static,2.0,0.5,3.5,10,44,False,0.9,0,0.6566005296430476,0.9102460120390016,0.096591308294297,2.9053953248894224,-0.0261893452394883,0.0697022176953856,12.619469979462616,6.0,12.0,7.0,0.8333333333333334,3.070995792036189,0.1049555828074682,13,2018-04-05,2020-04-03,2020-04-06,2020-10-02,2020-10-05,2021-01-04,504,126,63
EEM/VEA,etf_peer_groups,international_equity,VEA,EEM,refinement,kalman,1.75,0.0,3.0,30,42,False,0.9,0,0.6491303022444083,0.6023440841605491,0.0575027045427636,3.154351375388431,-0.0103464354912896,0.0375075430842546,5.0,2.0,3.0,19.5,1.0,2.184262611951569,0.1950444171925317,13,2018-04-05,2020-04-03,2020-04-06,2020-10-02,2020-10-05,2021-01-04,504,126,63
IYW/QQQ,etf_peer_groups,nasdaq_growth,QQQ,IYW,filter,rolling_252,2.0,0.5,3.0,20,26,True,0.9,0,0.8456976066447601,0.7468174087176048,0.0140754823789888,2.453569236621342,-0.00267907435678,0.0115542221262998,5.0,2.0,4.0,15.0,1.0,1.8303951796485056,0.35,13,2018-04-05,2020-04-03,2020-04-06,2020-10-02,2020-10-05,2021-01-04,504,126,63
IYR/VNQ,etf_peer_groups,real_estate,VNQ,IYR,refinement,kalman,1.75,0.0,3.0,30,30,False,0.9,0,0.8404992427859341,0.740499242785934,0.0002726086173305,0.0869590328699729,-0.0030535898843297,0.0062706717418851,1.2080232102441606,4.0,7.0,18.75,0.5,0.1816233380478949,0.35,13,2018-04-05,2020-04-03,2020-04-06,2020-10-02,2020-10-05,2021-01-04,504,126,63
BAC/C,stock_peer_groups,banks,BAC,C,refinement,rolling_126,1.5,0.5,3.5,10,30,False,0.9,0,0.5884066385195391,0.9407824931680144,0.2075374207642524,3.487768819651092,-0.0257984033492724,0.1313580819819976,8.819701976481342,8.0,16.0,7.625,0.875,3.5312403995387576,0.1983456425201271,14,2018-07-05,2020-07-06,2020-07-07,2021-01-04,2021-01-05,2021-04-06,504,126,63
COST/TGT,stock_peer_groups,retail_consumer,COST,TGT,refinement,rolling_126,2.0,0.5,3.5,20,29,False,0.9,0,0.4764624363725435,0.6748189030320005,0.0720361320439071,2.3562727277576827,-0.0242246595345595,0.0633464312722849,48.020084282455606,6.0,12.0,9.333333333333334,0.8333333333333334,2.4718597368495354,0.35,14,2018-07-05,2020-07-06,2020-07-07,2021-01-04,2021-01-05,2021-04-06,504,126,63
COP/SLB,stock_peer_groups,energy,COP,SLB,refinement,static,1.5,0.0,3.0,20,30,False,0.9,0,0.7248235657720178,0.6384442925680099,0.1323040850648718,1.4778932427454867,-0.1105492595067032,0.1908883083669257,2.911696610855876,5.0,10.0,20.0,0.6,1.4428638708566786,0.1364897797766075,14,2018-07-05,2020-07-06,2020-07-07,2021-01-04,2021-01-05,2021-04-06,504,126,63
GOOGL/META,stock_peer_groups,mega_cap_tech,GOOGL,META,refinement,kalman,1.5,0.5,3.0,10,34,False,0.9,0,0.6135160063575698,0.5688964527031427,0.0548450653082055,1.3632470836767372,-0.0275784607823542,0.0826688816389181,2.656448681577697,9.0,18.0,3.7777777777777777,0.6666666666666666,1.237051849506026,0.3151645777032653,14,2018-07-05,2020-07-06,2020-07-07,2021-01-04,2021-01-05,2021-04-06,504,126,63
VEA/VWO,etf_peer_groups,international_equity,VEA,VWO,refinement,static,1.5,0.0,3.0,30,56,False,0.9,0,0.8131560709559098,0.6951927992826156,0.0940135185695481,3.3340622765433627,-0.0174160340337576,0.0590467611231984,6.4602905778320485,5.0,9.0,21.6,0.8,3.314824177342786,0.1715866786415405,15,2018-10-03,2020-10-02,2020-10-05,2021-04-06,2021-04-07,2021-07-06,504,126,63
COST/WMT,stock_peer_groups,retail_consumer,COST,WMT,refinement,rolling_126,1.75,0.0,3.0,20,22,False,0.9,0,0.8157222735528561,0.94370850166396,0.0926453280811221,2.4572513515280296,-0.01296226793671,0.0788986494429817,10.501210063683024,7.0,13.0,13.285714285714286,0.8571428571428571,2.626135917715533,0.1284133213584595,15,2018-10-03,2020-10-02,2020-10-05,2021-04-06,2021-04-07,2021-07-06,504,126,63
GOVT/TLT,etf_peer_groups,treasuries,TLT,GOVT,refinement,static,2.0,0.5,3.0,30,30,False,0.9,0,0.8199232323242278,0.7206907652783292,0.0046918816961729,0.7224154662992138,-0.0085083056373654,0.0130199000228783,1.848294383690876,6.0,12.0,14.0,0.5,0.7794326595319859,0.35,15,2018-10-03,2020-10-02,2020-10-05,2021-04-06,2021-04-07,2021-07-06,504,126,63
CVX/XOM,stock_peer_groups,energy,XOM,CVX,refinement,kalman,2.0,0.5,3.0,10,24,False,0.9,0,0.671497049321958,0.6773548484692766,0.0079734578811199,0.6036952641257374,-0.0146145404186509,0.0265208172802349,1.9557423049473133,5.0,10.0,3.6,0.8,0.5693025474738286,0.35,15,2018-10-03,2020-10-02,2020-10-05,2021-04-06,2021-04-07,2021-07-06,504,126,63
ABBV/UNH,stock_peer_groups,healthcare,UNH,ABBV,refinement,static,1.5,0.0,3.0,10,20,False,0.9,0,0.4715474284667043,0.8546642819849811,0.0877268639897046,2.1460119872322845,-0.0662048469596775,0.0853442253512693,3.221652623860604,8.0,16.0,10.0,0.875,2.078713504385529,0.3,16,2019-01-04,2021-01-04,2021-01-05,2021-07-06,2021-07-07,2021-10-04,504,126,63
TGT/WMT,stock_peer_groups,retail_consumer,WMT,TGT,refinement,kalman,1.75,0.5,3.0,10,22,False,0.9,0,0.6358410614113126,0.9116387658827962,0.0418919660304066,2.1267983765304344,-0.0175274623314722,0.040219547759036,5.533978854560987,12.0,24.0,2.75,0.8333333333333334,1.954365283788044,0.35,16,2019-01-04,2021-01-04,2021-01-05,2021-07-06,2021-07-07,2021-10-04,504,126,63
TLH/TLT,etf_peer_groups,treasuries,TLH,TLT,refinement,rolling_126,1.75,0.0,3.0,30,30,False,0.9,0,0.8119159975249892,0.7119159975249891,0.0020364140763511,0.3264178679136891,-0.0044236897736589,0.0124900489089364,1.805659367555132,3.0,6.0,30.0,0.6666666666666666,0.4167491784998665,0.35,16,2019-01-04,2021-01-04,2021-01-05,2021-07-06,2021-07-07,2021-10-04,504,126,63
COST/WMT,stock_peer_groups,retail_consumer,COST,WMT,refinement,kalman,1.5,0.0,3.0,20,20,False,0.9,0,0.8177522414498197,1.0609787383922415,0.0959822686022267,3.411394775669274,-0.0190333932683638,0.0589721056399914,13.485496012066474,5.0,9.0,19.6,0.8,3.361503764520245,0.2479215724811199,17,2019-04-05,2021-04-06,2021-04-07,2021-10-04,2021-10-05,2022-01-03,504,126,63
COP/CVX,stock_peer_groups,energy,CVX,COP,refinement,rolling_126,2.0,0.0,3.5,30,33,False,0.9,0,0.6651183559286763,0.8939367786305452,0.1019189014045356,3.183373909976666,-0.0156682246321193,0.0672950370678099,5.0,3.0,5.0,23.0,1.0,2.592253624101223,0.2172590699081879,17,2019-04-05,2021-04-06,2021-04-07,2021-10-04,2021-10-05,2022-01-03,504,126,63
HD/LOW,stock_peer_groups,retail_consumer,HD,LOW,refinement,rolling_126,2.0,0.5,3.5,20,31,False,0.9,0,0.7326695091053913,0.965647777005468,0.0599602717403686,1.561381181805262,-0.0232450905233441,0.0791067415870272,27.392916711345208,5.0,10.0,13.8,0.8,1.648135866001629,0.1848193576106922,17,2019-04-05,2021-04-06,2021-04-07,2021-10-04,2021-10-05,2022-01-03,504,126,63
EEM/VWO,etf_peer_groups,international_equity,EEM,VWO,refinement,rolling_126,2.0,0.0,3.0,20,24,False,0.9,0,0.8294309428897767,0.7294309428897766,0.0050542271387572,1.1449541869825963,-0.0061671869759714,0.0088510087169441,2.745966402701632,5.0,9.0,19.0,0.6,1.233500549765444,0.35,17,2019-04-05,2021-04-06,2021-04-07,2021-10-04,2021-10-05,2022-01-03,504,126,63
ABBV/JNJ,stock_peer_groups,healthcare,ABBV,JNJ,refinement,static,2.0,0.0,3.0,20,24,False,0.9,0,0.5496444481897252,0.7065062580379948,0.0394664526431844,1.5192579316608936,-0.0235066651750227,0.0529801454336402,98.12821202597068,4.0,8.0,20.0,0.75,1.4854110194531644,0.2549906667149905,18,2019-07-08,2021-07-06,2021-07-07,2022-01-03,2022-01-04,2022-04-04,504,126,63
COST/WMT,stock_peer_groups,retail_consumer,COST,WMT,refinement,kalman,2.0,0.5,3.0,10,44,False,0.9,0,0.7043423976378151,0.8153994776841749,0.0362489235663769,1.218080039591882,-0.0255507019386163,0.060596864896666,4.852341791856449,6.0,12.0,4.166666666666667,0.8333333333333334,1.3580007977646251,0.2229396294646316,18,2019-07-08,2021-07-06,2021-07-07,2022-01-03,2022-01-04,2022-04-04,504,126,63
HD/LOW,stock_peer_groups,retail_consumer,HD,LOW,refinement,rolling_126,2.0,0.5,3.0,20,23,False,0.9,0,0.7412505541121835,0.7717136797913123,0.0453587758360531,1.181674337862633,-0.0232450905233455,0.0785114538285221,47.54399348053857,4.0,8.0,10.5,0.75,1.2375870165676184,0.1720697038203779,18,2019-07-08,2021-07-06,2021-07-07,2022-01-03,2022-01-04,2022-04-04,504,126,63
QQQ/XLK,etf_peer_groups,nasdaq_growth,QQQ,XLK,refinement,static,2.0,0.0,3.0,20,20,False,0.9,0,0.7559005202101218,0.8289677496425069,0.0014346098386357,0.1281047734178939,-0.0138051624499706,0.0224135112693578,1.1202008780675563,5.0,10.0,20.0,0.4,0.1521333404562862,0.35,18,2019-07-08,2021-07-06,2021-07-07,2022-01-03,2022-01-04,2022-04-04,504,126,63
COP/XOM,stock_peer_groups,energy,XOM,COP,refinement,static,2.0,0.5,3.0,20,33,False,0.9,0,0.6841927494783551,0.8182358082640159,0.0767551783452371,3.178872733779373,-0.0148404699372882,0.0501441005798839,5.0,6.0,12.0,7.0,1.0,3.3600630362905486,0.5,19,2019-10-04,2021-10-04,2021-10-05,2022-04-04,2022-04-05,2022-07-06,504,126,63
ABBV/UNH,stock_peer_groups,healthcare,UNH,ABBV,refinement,rolling_126,1.5,0.0,3.0,20,24,False,0.9,0,0.4961594919144256,0.7678009836241005,0.1386373372062366,2.643801547631609,-0.0487334026109191,0.1121472169292424,5.359986383009225,6.0,11.0,17.5,0.8333333333333334,2.780727542346842,0.5,19,2019-10-04,2021-10-04,2021-10-05,2022-04-04,2022-04-05,2022-07-06,504,126,63
GS/WFC,stock_peer_groups,banks,GS,WFC,refinement,rolling_252,1.5,0.5,3.0,10,68,False,0.9,0,0.5945916304930675,0.7288108018308362,0.1381305785622641,2.563596410713543,-0.0408535452530286,0.1152058150121492,4.488983489481305,8.0,15.0,5.0,0.625,2.5814228498666343,0.3,20,2020-01-06,2022-01-03,2022-01-04,2022-07-06,2022-07-07,2022-10-04,504,126,63
ABBV/JNJ,stock_peer_groups,healthcare,ABBV,JNJ,refinement,kalman,1.75,0.5,3.0,10,31,False,0.9,0,0.5377567406292938,0.8486607307627524,0.0727761927974504,2.666994444301898,-0.0276008972741826,0.0565613326099289,4.73336716988085,10.0,20.0,4.0,0.8,2.569359001835006,0.35,20,2020-01-06,2022-01-03,2022-01-04,2022-07-06,2022-07-07,2022-10-04,504,126,63
QQQ/VGT,etf_peer_groups,nasdaq_growth,QQQ,VGT,filter,rolling_126,1.75,0.0,3.0,20,27,True,0.9,0,0.7553583244771542,0.8156339591371865,0.023712361965269,2.233655606138702,-0.0061177706726784,0.0214836163232275,5.0,2.0,4.0,20.0,1.0,1.6756121479240662,0.35,20,2020-01-06,2022-01-03,2022-01-04,2022-07-06,2022-07-07,2022-10-04,504,126,63
GS/WFC,stock_peer_groups,banks,GS,WFC,refinement,kalman,2.0,0.0,3.0,10,41,False,0.9,0,0.6452238980353208,0.7879222165016859,0.1068797750884531,3.054282132841135,-0.0272560344170007,0.0737269272142834,31.394576066724785,4.0,7.0,9.25,0.75,2.7248493120819224,0.5,21,2020-04-06,2022-04-04,2022-04-05,2022-10-04,2022-10-05,2023-01-04,504,126,63
QQQ/VGT,etf_peer_groups,nasdaq_growth,QQQ,VGT,refinement,static,2.0,0.0,3.5,30,31,False,0.9,0,0.8418379681236448,0.9208146320752982,0.0221979223349015,1.9755200101411845,-0.0054949760542422,0.0227224185001201,66.74501300922917,4.0,7.0,22.75,0.75,1.956051383050428,0.5,21,2020-04-06,2022-04-04,2022-04-05,2022-10-04,2022-10-05,2023-01-04,504,126,63
GOOGL/MSFT,stock_peer_groups,mega_cap_tech,MSFT,GOOGL,refinement,rolling_252,1.5,0.0,3.0,20,38,False,0.9,0,0.6720993900153092,0.8773497346926608,0.0982069048571843,2.468011731786476,-0.0425618065403675,0.0834916638450664,5.7459843534470085,6.0,11.0,19.5,0.8333333333333334,2.643079274714875,1.0,22,2020-07-07,2022-07-06,2022-07-07,2023-01-04,2023-01-05,2023-04-05,504,126,63
GOOGL/MSFT,stock_peer_groups,mega_cap_tech,MSFT,GOOGL,refinement,rolling_126,2.0,0.0,3.0,20,38,False,0.9,0,0.8956100963129596,0.9410821167926182,0.1505687039568048,3.7021619017556526,-0.0403199198196843,0.0874646628423473,10.932437401075456,4.0,8.0,20.0,0.75,3.320381144614857,0.5,23,2020-10-05,2022-10-04,2022-10-05,2023-04-05,2023-04-06,2023-07-07,504,126,63
MS/WFC,stock_peer_groups,banks,MS,WFC,refinement,rolling_126,2.0,0.0,3.0,10,29,False,0.9,0,0.5590199121988255,0.6359768416140892,0.0451655701844415,1.1008837517817571,-0.0456461534414993,0.0839062879704311,2.0843087713412967,6.0,12.0,9.333333333333334,0.8333333333333334,1.0946746986617226,0.5,23,2020-10-05,2022-10-04,2022-10-05,2023-04-05,2023-04-06,2023-07-07,504,126,63
ABBV/JNJ,stock_peer_groups,healthcare,ABBV,JNJ,refinement,kalman,1.75,0.5,3.0,10,46,False,0.9,0,0.6085620710535845,0.8194973590759275,0.0072907782225657,0.5514524266629434,-0.0174660740180633,0.0265384848894083,1.6036575605696202,6.0,11.0,2.833333333333333,0.8333333333333334,0.5296833548906037,0.5,24,2021-01-05,2023-01-04,2023-01-05,2023-07-07,2023-07-10,2023-10-05,504,126,63
IEI/SHY,etf_peer_groups,treasuries,SHY,IEI,filter,rolling_126,2.0,0.5,3.0,20,38,True,0.9,0,0.5761612456881614,0.4011612456881614,0.0001014904809821,0.0315603008180895,-0.0039443870213633,0.0064318544823793,1.038253567574803,3.0,6.0,4.333333333333333,0.3333333333333333,0.0971922174610246,0.5,24,2021-01-05,2023-01-04,2023-01-05,2023-07-07,2023-07-10,2023-10-05,504,126,63
EEM/VWO,etf_peer_groups,international_equity,EEM,VWO,refinement,static,2.0,0.0,3.0,20,50,False,0.9,0,0.733213066420327,0.626481109902951,0.0024464579598055,0.5886444934491731,-0.0026214881073468,0.0083223424846039,5.0,2.0,4.0,20.0,1.0,0.7290952438025153,0.5,25,2021-04-07,2023-04-05,2023-04-06,2023-10-05,2023-10-06,2024-01-05,504,126,63
IEF/TLH,etf_peer_groups,treasuries,IEF,TLH,refinement,static,2.0,0.0,3.0,30,56,False,0.9,0,0.7510181916884768,0.7600326236416564,0.0039214112039842,0.7021630066424736,-0.0093122900288269,0.0111914182311806,1.7544492980847717,3.0,5.0,22.666666666666668,0.6666666666666666,0.712704274964812,0.5,25,2021-04-07,2023-04-05,2023-04-06,2023-10-05,2023-10-06,2024-01-05,504,126,63
ABBV/UNH,stock_peer_groups,healthcare,UNH,ABBV,refinement,rolling_252,2.0,0.0,3.0,30,37,False,0.9,0,0.4136718492535997,0.6986012642268684,0.1781850161289482,2.713891919769002,-0.0375431900290743,0.1430123025178561,7.098122574480117,4.0,7.0,18.5,0.75,2.415135741300976,0.3,26,2021-07-07,2023-07-07,2023-07-10,2024-01-05,2024-01-08,2024-04-08,504,126,63
AMZN/GOOGL,stock_peer_groups,mega_cap_tech,GOOGL,AMZN,refinement,rolling_252,1.5,0.5,3.0,20,22,False,0.9,0,0.6618564703597403,0.8675211928477381,0.0744124418375133,1.961776587911344,-0.0183433806434644,0.0786848492975408,6.612565439424069,9.0,17.0,6.222222222222222,0.6666666666666666,2.000956641411512,0.35,26,2021-07-07,2023-07-07,2023-07-10,2024-01-05,2024-01-08,2024-04-08,504,126,63
GS/MS,stock_peer_groups,banks,GS,MS,refinement,static,1.5,0.0,3.5,20,43,False,0.9,0,0.5024275075551143,0.5253903793524671,0.0138709423777869,0.4283192647406745,-0.0616648455390709,0.0652183781995763,1.4453984746707764,5.0,9.0,17.2,0.6,0.4044358590067898,0.35,26,2021-07-07,2023-07-07,2023-07-10,2024-01-05,2024-01-08,2024-04-08,504,126,63
AAPL/MSFT,stock_peer_groups,mega_cap_tech,AAPL,MSFT,refinement,rolling_252,1.75,0.5,3.0,20,45,False,0.9,0,0.6281953789167081,0.8086182439116998,0.055622736587757,2.176890395462924,-0.0198519050105406,0.0525241703667448,5.522975346927172,5.0,10.0,8.8,0.8,2.186924911985641,0.35,27,2021-10-05,2023-10-05,2023-10-06,2024-04-08,2024-04-09,2024-07-09,504,126,63
INTC/MU,stock_peer_groups,semiconductors,INTC,MU,filter,kalman,1.75,0.5,3.0,10,42,True,0.9,0,0.6492452191617504,0.8012101362393438,0.0699541876305449,1.7343577174403593,-0.0164331543014798,0.0834902524271893,11.59344679721665,3.0,6.0,5.333333333333333,0.6666666666666666,1.5139616588178142,0.3,27,2021-10-05,2023-10-05,2023-10-06,2024-04-08,2024-04-09,2024-07-09,504,126,63
IEF/TLT,etf_peer_groups,treasuries,IEF,TLT,refinement,rolling_252,1.75,0.5,3.0,10,54,False,0.9,0,0.7510948479218214,0.77586112868689,0.0046992937447141,0.6906986689842359,-0.0068074561986108,0.0136393354644531,1.8264720411078816,6.0,12.0,5.833333333333333,0.6666666666666666,0.7314920792756019,0.35,27,2021-10-05,2023-10-05,2023-10-06,2024-04-08,2024-04-09,2024-07-09,504,126,63
AAPL/MSFT,stock_peer_groups,mega_cap_tech,AAPL,MSFT,refinement,kalman,1.75,0.5,3.0,10,29,False,0.9,0,0.655431759539043,0.8697705087249661,0.0937711713453879,2.4455455411257336,-0.0173367505080578,0.0802828538518587,11.318910029997712,9.0,18.0,4.111111111111111,0.8888888888888888,2.441425453011691,0.5,28,2022-01-04,2024-01-05,2024-01-08,2024-07-09,2024-07-10,2024-10-07,504,126,63
IEF/TLT,etf_peer_groups,treasuries,IEF,TLT,refinement,static,2.0,0.0,3.0,30,41,False,0.9,0,0.6004996683529037,0.6395364393536348,0.0029087389133006,0.4117767756408145,-0.0067613908686476,0.0141482932824484,1.6727682549749336,3.0,5.0,25.33333333333333,0.6666666666666666,0.4744601422160311,0.5,28,2022-01-04,2024-01-05,2024-01-08,2024-07-09,2024-07-10,2024-10-07,504,126,63
META/MSFT,stock_peer_groups,mega_cap_tech,MSFT,META,refinement,static,2.0,0.0,3.5,30,38,False,0.9,0,0.7283346663374557,1.108741208465173,0.1060419308719826,2.385790322750143,-0.0370027518859966,0.0936078710343617,5.337682450429442,4.0,7.0,23.5,0.75,2.2444108011161794,0.35,29,2022-04-05,2024-04-08,2024-04-09,2024-10-07,2024-10-08,2024-12-31,504,126,59
LOW/WMT,stock_peer_groups,retail_consumer,WMT,LOW,filter,rolling_126,1.5,0.5,3.0,20,32,True,0.9,0,0.5901805067072017,0.7381357315820114,0.113860444516463,2.1103198885370094,-0.0517439595836938,0.1140514720852434,2.7520700174368207,6.0,11.0,7.5,0.5,2.1631700675901526,0.3,29,2022-04-05,2024-04-08,2024-04-09,2024-10-07,2024-10-08,2024-12-31,504,126,59
QQQ/XLK,etf_peer_groups,nasdaq_growth,QQQ,XLK,refinement,rolling_252,1.5,0.5,3.0,30,40,False,0.9,0,0.6752038719150429,0.8055663566979392,0.0137822019628759,1.181474161366416,-0.0080660858063472,0.0234912907317402,5.247060302293241,6.0,12.0,11.333333333333334,0.8333333333333334,1.3572462841067952,0.35,29,2022-04-05,2024-04-08,2024-04-09,2024-10-07,2024-10-08,2024-12-31,504,126,59
