pair,entry_date,exit_date,direction,entry_zscore,exit_zscore,holding_period,gross_return,net_return,exit_reason,transaction_cost,segment,universe_mode,peer_group,hedge_mode,weight
VEA/EEM,2017-07-06,2017-07-13,long_spread,-1.828472628144464,-3.200139322741134,6,-0.0078932046882187,-0.0098741052765205,stop_loss,0.002,0,etf_peer_groups,international_equity,rolling_126,0.35
VEA/EEM,2017-07-14,2017-08-04,long_spread,-2.9238643932686155,-0.4057037627137605,16,0.0010411390351872,-0.0009622317466047,mean_reversion,0.002,0,etf_peer_groups,international_equity,rolling_126,0.35
VEA/EEM,2017-08-23,2017-09-01,long_spread,-1.6080568992548816,-0.263370116925345,8,-0.0006611754116833,-0.0026607506154628,mean_reversion,0.002,0,etf_peer_groups,international_equity,rolling_126,0.35
VEA/EEM,2017-09-11,2017-10-02,short_spread,1.6619004018576125,1.7020106417198462,16,-0.0084214211874108,-0.0094117300124392,time_stop,0.001,0,etf_peer_groups,international_equity,rolling_126,0.35
META/AMZN,2017-07-12,2017-08-08,short_spread,1.9965892273952448,1.9001351359080896,20,-0.05729885200275,-0.0591905997565472,time_stop,0.002,0,stock_peer_groups,mega_cap_tech,rolling_126,0.3
META/AMZN,2017-08-09,2017-09-06,short_spread,1.6752503016566826,0.615198721284654,20,-0.0098486951527718,-0.0118314366204074,time_stop,0.002,0,stock_peer_groups,mega_cap_tech,rolling_126,0.3
META/AMZN,2017-09-14,2017-09-15,long_spread,-2.437110239393939,-3.704085754848695,2,-0.0027454874853013,-0.004741741997816,stop_loss,0.002,0,stock_peer_groups,mega_cap_tech,rolling_126,0.3
META/AMZN,2017-09-18,2017-09-20,long_spread,-2.275441233874036,0.3918761940655621,3,0.0110452727912773,0.009025502889717,mean_reversion,0.002,0,stock_peer_groups,mega_cap_tech,rolling_126,0.3
META/AMZN,2017-09-26,2017-10-02,long_spread,-2.837908691430121,-0.0369689140919982,5,0.0129957129211977,0.0109755382633998,mean_reversion,0.002,0,stock_peer_groups,mega_cap_tech,rolling_126,0.3
IEFA/VWO,2017-07-06,2017-07-13,long_spread,-2.298553340921233,-3.3633609337716,6,-0.0102412075207538,-0.012216293599302,stop_loss,0.002,0,etf_peer_groups,international_equity,rolling_126,0.35
IEFA/VWO,2017-07-14,2017-08-10,long_spread,-2.9099762342913342,-0.8432407002149335,20,-0.007172935046392,-0.009160166706515,time_stop,0.002,0,etf_peer_groups,international_equity,rolling_126,0.35
IEFA/VWO,2017-09-13,2017-10-02,short_spread,1.909483465582578,1.6716826252020325,14,-0.0095306441108234,-0.0105212388619642,time_stop,0.001,0,etf_peer_groups,international_equity,rolling_126,0.35
AMD/AVGO,2017-10-26,2017-11-16,long_spread,-2.3917638941327115,-0.4615581514867269,16,-0.0910239065849115,-0.0928492339785546,mean_reversion,0.002,1,stock_peer_groups,semiconductors,rolling_252,0.5
AMD/AVGO,2017-12-05,2017-12-12,long_spread,-2.9134632704901344,-0.450302757664665,6,0.0140402833186603,0.0120052777852071,mean_reversion,0.002,1,stock_peer_groups,semiconductors,rolling_252,0.5
AMD/AVGO,2017-12-19,2018-01-02,short_spread,2.264809719693244,0.2783517346132396,9,0.0649766401045768,0.0628503801927466,mean_reversion,0.002,1,stock_peer_groups,semiconductors,rolling_252,0.5
TLT/GOVT,2017-10-16,2017-11-27,short_spread,1.8656411781723024,1.8058538837476457,30,-0.0034422207657209,-0.0054344655607397,time_stop,0.002,1,etf_peer_groups,treasuries,static,0.5
TLT/GOVT,2017-12-05,2018-01-02,short_spread,1.8547256108324115,1.0595148916023398,19,-0.0009795439901806,-0.0019788669458231,time_stop,0.001,1,etf_peer_groups,treasuries,static,0.5
COST/HD,2018-02-08,2018-02-14,long_spread,-2.3623063027296456,0.3937260593613734,5,0.0177268066679456,0.0156953287451231,mean_reversion,0.002,2,stock_peer_groups,retail_consumer,static,0.35
COST/HD,2018-02-16,2018-03-09,short_spread,2.8164460504343616,0.4678957776621051,15,0.0067250623776564,0.0047156588340733,mean_reversion,0.002,2,stock_peer_groups,retail_consumer,static,0.35
GOOGL/AMZN,2018-01-04,2018-02-01,short_spread,1.6934329667482682,-1.7997403345592795,20,0.0149931699008822,0.0129632625983966,time_stop,0.002,2,stock_peer_groups,mega_cap_tech,kalman,0.3
GOOGL/AMZN,2018-02-07,2018-03-07,long_spread,-2.206847785573524,0.2371554150551103,20,-0.0114216483054598,-0.0134090199089721,time_stop,0.002,2,stock_peer_groups,mega_cap_tech,kalman,0.3
GOOGL/AMZN,2018-03-12,2018-04-04,short_spread,1.5001385869735484,0.7886883927587315,17,0.0387777163290694,0.0377404158409524,time_stop,0.001,2,stock_peer_groups,mega_cap_tech,kalman,0.3
TLT/GOVT,2018-02-05,2018-03-19,long_spread,-2.260482826388264,0.4754266208390695,30,0.000204712860911,-0.0017904747693804,time_stop,0.002,2,etf_peer_groups,treasuries,kalman,0.35
TLT/GOVT,2018-03-29,2018-04-04,short_spread,1.7593645014507313,-1.0034439157647634,4,0.0009265954843056,-7.514362927696361e-05,time_stop,0.001,2,etf_peer_groups,treasuries,kalman,0.35
MSFT/GOOGL,2018-05-10,2018-05-23,long_spread,-2.184224318044276,-0.234916200364474,10,0.0113716930611063,0.0093445855227873,time_stop,0.002,3,stock_peer_groups,mega_cap_tech,rolling_252,0.35
MSFT/GOOGL,2018-06-04,2018-06-15,long_spread,-2.078615600427155,-1.9090538175879592,10,-0.0110242586664155,-0.013007439066625,time_stop,0.002,3,stock_peer_groups,mega_cap_tech,rolling_252,0.35
MSFT/GOOGL,2018-06-18,2018-06-29,long_spread,-2.110164585305476,-0.3819862847576946,10,0.0107881209620788,0.0087574388276139,time_stop,0.002,3,stock_peer_groups,mega_cap_tech,rolling_252,0.35
INTC/MU,2018-04-11,2018-05-08,short_spread,1.6850715124486306,1.7237584401944683,20,-0.0448301831440518,-0.0467370819656951,time_stop,0.002,3,stock_peer_groups,semiconductors,static,0.3
INTC/MU,2018-05-09,2018-05-21,short_spread,1.7529855479738026,0.496095378766586,9,0.0222477358283148,0.0202045050854751,mean_reversion,0.002,3,stock_peer_groups,semiconductors,static,0.3
INTC/MU,2018-06-04,2018-06-08,short_spread,1.7148349303874852,0.4634991686144912,5,0.0197316226841781,0.0176979963022427,mean_reversion,0.002,3,stock_peer_groups,semiconductors,static,0.3
INTC/MU,2018-06-19,2018-07-03,long_spread,-1.9710105344735656,-1.6484266621588326,11,-0.0311429663200141,-0.032118847997183,time_stop,0.001,3,stock_peer_groups,semiconductors,static,0.3
TLH/TLT,2018-05-14,2018-06-25,long_spread,-2.5266463573387483,0.7536236432388222,30,0.0005834418250678,-0.0014160701119196,time_stop,0.002,3,etf_peer_groups,treasuries,kalman,0.35
CVX/COP,2018-07-06,2018-07-19,long_spread,-1.818363542074812,-1.758869782597893,10,-0.0199399786896751,-0.0219024687009707,time_stop,0.002,4,stock_peer_groups,energy,static,0.5
CVX/COP,2018-08-10,2018-08-23,long_spread,-1.9382810641286083,-1.7421971681278277,10,-0.0140582899668474,-0.0160263369352934,time_stop,0.002,4,stock_peer_groups,energy,static,0.5
CVX/COP,2018-08-24,2018-09-07,long_spread,-1.8702771494099728,-1.5794314627412105,10,-0.0062827502442427,-0.0082676978569578,time_stop,0.002,4,stock_peer_groups,energy,static,0.5
CVX/COP,2018-09-11,2018-09-24,long_spread,-1.9962590029004208,-0.189356288038813,10,0.0059784771179418,0.0039685566153566,time_stop,0.002,4,stock_peer_groups,energy,static,0.5
EFA/EEM,2018-07-06,2018-07-09,short_spread,1.772797222349604,0.4746734424676218,2,0.0023866679987361,0.0003852813307372,mean_reversion,0.002,4,etf_peer_groups,international_equity,kalman,0.5
EFA/EEM,2018-08-13,2018-08-22,long_spread,-1.9226020676132545,-0.0563131010538991,8,0.0058147985953991,0.003808683771451,mean_reversion,0.002,4,etf_peer_groups,international_equity,kalman,0.5
EFA/EEM,2018-08-31,2018-09-05,short_spread,2.948880989633187,0.3574309016781204,3,0.0039680895626528,0.001967941167472,mean_reversion,0.002,4,etf_peer_groups,international_equity,kalman,0.5
EFA/EEM,2018-09-10,2018-09-14,long_spread,-1.863963164360111,0.0511482752143747,5,0.0067072216967536,0.0047024302748714,mean_reversion,0.002,4,etf_peer_groups,international_equity,kalman,0.5
EFA/EEM,2018-09-18,2018-09-20,short_spread,1.8310066764500008,-0.1715223139762567,3,0.0011255429612864,-0.0008780589235809,mean_reversion,0.002,4,etf_peer_groups,international_equity,kalman,0.5
EFA/EEM,2018-10-01,2018-10-02,long_spread,-1.807890045837362,-0.1542347478010106,2,0.0026510110718971,0.0016489660521781,time_stop,0.001,4,etf_peer_groups,international_equity,kalman,0.5
WMT/HD,2018-10-10,2018-11-06,short_spread,3.103844648142761,0.2977548841847925,20,-0.062012577656656,-0.063881759514634,time_stop,0.002,5,stock_peer_groups,retail_consumer,kalman,0.5
WMT/HD,2018-11-15,2018-12-14,long_spread,-2.129819361230186,-0.5867739989037334,20,-0.0483834515882363,-0.0502949075626932,time_stop,0.002,5,stock_peer_groups,retail_consumer,kalman,0.5
WMT/HD,2018-12-21,2019-01-03,long_spread,-1.822659915616403,1.1973067623422529,8,0.0354925911961081,0.0344628769635328,time_stop,0.001,5,stock_peer_groups,retail_consumer,kalman,0.5
XLK/VGT,2018-11-21,2018-11-29,long_spread,-2.7585088676512552,-0.4431214337037144,6,0.0019925128038713,-1.0667721763168991e-05,mean_reversion,0.002,5,etf_peer_groups,nasdaq_growth,static,0.5
XLK/VGT,2018-12-21,2019-01-03,long_spread,-2.13052737175044,-2.2389746861554265,8,-0.0030177169756386,-0.0040158178039304,time_stop,0.001,5,etf_peer_groups,nasdaq_growth,static,0.5
GS/WFC,2019-01-17,2019-01-31,short_spread,2.2192282388356697,1.6048493023756754,10,0.002427738827369,0.0004232337689766,time_stop,0.002,6,stock_peer_groups,banks,rolling_126,0.1054833255150306
GS/WFC,2019-02-01,2019-02-14,short_spread,1.5050127873648782,0.7274800203854925,10,0.0085357246857946,0.0065227334509223,time_stop,0.002,6,stock_peer_groups,banks,rolling_126,0.1054833255150306
GS/WFC,2019-03-19,2019-04-01,long_spread,-1.7486607271143444,0.826753136072069,10,0.0230221441115159,0.0209785861618931,time_stop,0.002,6,stock_peer_groups,banks,rolling_126,0.1054833255150306
GS/WFC,2019-04-03,2019-04-04,short_spread,2.3712471134388053,1.7732116138750167,2,0.0030114649035763,0.002010214011924,time_stop,0.001,6,stock_peer_groups,banks,rolling_126,0.1054833255150306
BAC/MS,2019-01-22,2019-01-23,short_spread,2.713036115486781,3.1260689485087183,2,-0.0128600454173453,-0.0148461853719279,stop_loss,0.002,6,stock_peer_groups,banks,static,0.2359442829578065
BAC/MS,2019-01-24,2019-02-21,short_spread,2.6699176151953186,0.6119028596483235,20,3.1275193523638833e-05,-0.0019715949598896,time_stop,0.002,6,stock_peer_groups,banks,static,0.2359442829578065
BAC/MS,2019-03-18,2019-03-22,long_spread,-2.0505669680747154,-3.2016579464592936,5,-0.0147548692715314,-0.0167252341231948,stop_loss,0.002,6,stock_peer_groups,banks,static,0.2359442829578065
BAC/MS,2019-03-25,2019-04-04,long_spread,-2.7808786463746884,-1.7515717131323385,9,-0.0065402321470989,-0.0075303750052709,time_stop,0.001,6,stock_peer_groups,banks,static,0.2359442829578065
IEFA/EEM,2019-02-01,2019-02-07,long_spread,-2.038470775210977,-0.3815123696564265,5,0.0062236098784218,0.0042160141438065,mean_reversion,0.002,6,etf_peer_groups,international_equity,static,0.35
IEFA/EEM,2019-02-19,2019-02-26,short_spread,2.430197935290747,0.2262448978079655,6,0.008751068609796,0.006735817807415,mean_reversion,0.002,6,etf_peer_groups,international_equity,static,0.35
IEFA/EEM,2019-03-01,2019-03-14,short_spread,2.2987579932409856,1.1565702200676016,10,0.0010666081236385,-0.0009370024691718,time_stop,0.002,6,etf_peer_groups,international_equity,static,0.35
AAPL/META,2019-03-07,2019-03-20,long_spread,-1.6432165496974374,0.6537315624752388,10,0.068221479119084,0.0660838282122364,time_stop,0.002,6,stock_peer_groups,mega_cap_tech,kalman,0.3085723915271628
AAPL/META,2019-03-22,2019-03-25,short_spread,1.925794383244016,-0.1476773103031742,2,0.011125052317422,0.0091149272651045,mean_reversion,0.002,6,stock_peer_groups,mega_cap_tech,kalman,0.3085723915271628
AAPL/META,2019-03-27,2019-03-28,long_spread,-1.862854331490887,-0.4870373764460108,2,0.0095445917629102,0.0075360471711474,mean_reversion,0.002,6,stock_peer_groups,mega_cap_tech,kalman,0.3085723915271628
COST/LOW,2019-04-15,2019-05-13,long_spread,-1.8478192863229497,2.635787832332112,20,0.05376991587418,0.05166863138369,time_stop,0.002,7,stock_peer_groups,retail_consumer,static,0.5
COST/LOW,2019-05-14,2019-05-23,short_spread,2.2958440048437714,3.488179674087452,8,-0.0455885484128129,-0.0474929950969716,stop_loss,0.002,7,stock_peer_groups,retail_consumer,static,0.5
MSFT/AMZN,2019-04-22,2019-04-26,short_spread,2.214748794236164,3.99513533923133,5,-0.0236761072665696,-0.0256254064672726,stop_loss,0.002,7,stock_peer_groups,mega_cap_tech,rolling_252,0.5
MSFT/AMZN,2019-04-29,2019-05-07,short_spread,2.7386293191645508,0.4461318552005353,7,0.0087632900057625,0.0067452686049236,mean_reversion,0.002,7,stock_peer_groups,mega_cap_tech,rolling_252,0.5
MSFT/AMZN,2019-06-06,2019-06-26,short_spread,2.0051776236399226,0.2288390637683511,15,-0.0126959966042881,-0.0146767441122948,mean_reversion,0.002,7,stock_peer_groups,mega_cap_tech,rolling_252,0.5
HD/TGT,2019-08-27,2019-09-24,long_spread,-2.927723102205466,-1.2113389154005292,20,0.0100680500703902,0.0080479448307388,time_stop,0.002,8,stock_peer_groups,retail_consumer,static,0.5
QQQ/XLK,2019-08-06,2019-09-17,short_spread,2.189587063276563,0.1697128831457573,30,0.0037728283907614,0.0017675356755506,time_stop,0.002,8,etf_peer_groups,nasdaq_growth,kalman,0.5
QQQ/XLK,2019-09-25,2019-10-03,long_spread,-2.0002121145065352,0.0447209224931258,7,-0.0020994925954145,-0.0030976661000597,time_stop,0.001,8,etf_peer_groups,nasdaq_growth,kalman,0.5
QQQ/XLK,2019-10-18,2019-11-14,short_spread,2.022818745107791,-0.2021383057241812,20,0.0022528385735387,0.0002506955506791,time_stop,0.002,9,etf_peer_groups,nasdaq_growth,rolling_252,0.35
QQQ/XLK,2019-11-21,2019-12-19,long_spread,-1.8293136960519536,1.920683796641477,20,0.0062396174569068,0.0042290534177595,time_stop,0.002,9,etf_peer_groups,nasdaq_growth,rolling_252,0.35
QQQ/XLK,2019-12-20,2020-01-03,short_spread,1.939958639268032,1.5231481818102834,9,-0.0011851743159483,-0.0021837860879556,time_stop,0.001,9,etf_peer_groups,nasdaq_growth,rolling_252,0.35
HD/TGT,2019-11-27,2019-12-26,long_spread,-2.746628637714015,-0.4692083260669524,20,0.0010872902530227,-0.0009046583623698,mean_reversion,0.002,9,stock_peer_groups,retail_consumer,rolling_252,0.2497013806505022
COST/LOW,2019-11-08,2019-11-11,short_spread,1.8501806583585945,-0.4917533287576318,2,0.0096646951459795,0.0076560304508335,mean_reversion,0.002,9,stock_peer_groups,retail_consumer,kalman,0.2020866917245868
COST/LOW,2019-11-21,2019-11-27,long_spread,-2.449159669455216,0.015984246871076,5,0.0016625835250356,-0.0003384057117266,mean_reversion,0.002,9,stock_peer_groups,retail_consumer,kalman,0.2020866917245868
COST/LOW,2019-12-16,2019-12-20,long_spread,-1.9186709075353627,-0.0919943089666471,5,0.0002633865695638,-0.001736082331986,mean_reversion,0.002,9,stock_peer_groups,retail_consumer,kalman,0.2020866917245868
GOOGL/AMZN,2019-10-29,2019-11-04,short_spread,1.7754491258481546,-0.1452770470995303,5,0.0110309054211021,0.0090206341820369,mean_reversion,0.002,9,stock_peer_groups,mega_cap_tech,kalman,0.198211927624911
GOOGL/AMZN,2019-11-08,2019-11-12,short_spread,1.5096379774628996,0.1353081064346622,3,0.0006777760061937,-0.0013240526049567,mean_reversion,0.002,9,stock_peer_groups,mega_cap_tech,kalman,0.198211927624911
GOOGL/AMZN,2019-11-18,2019-11-19,short_spread,2.60646667731358,0.096403777644494,2,0.0092330111210785,0.0072247781099574,mean_reversion,0.002,9,stock_peer_groups,mega_cap_tech,kalman,0.198211927624911
GOOGL/AMZN,2019-11-25,2019-12-04,long_spread,-1.7756381311017828,-0.2075368549475775,7,-0.0047681927843448,-0.0067578995207335,mean_reversion,0.002,9,stock_peer_groups,mega_cap_tech,kalman,0.198211927624911
GOOGL/AMZN,2019-12-05,2019-12-12,short_spread,1.751736028995454,0.0671557662778118,6,-0.0143910968601033,-0.0163693632897357,mean_reversion,0.002,9,stock_peer_groups,mega_cap_tech,kalman,0.198211927624911
GOOGL/AMZN,2019-12-27,2020-01-03,long_spread,-1.6883686313635982,-0.1172760201161847,5,-0.0028553303044147,-0.0048524306958334,mean_reversion,0.002,9,stock_peer_groups,mega_cap_tech,kalman,0.198211927624911
LOW/TGT,2020-01-07,2020-02-04,short_spread,1.9787492350748688,-0.254467530704496,20,-0.0043703767031383,-0.0063556336782211,time_stop,0.002,10,stock_peer_groups,retail_consumer,rolling_252,1.0
LOW/TGT,2020-02-06,2020-02-27,short_spread,1.5485810972886946,-3.164942162301182,15,0.0467881368249296,0.0446989838958968,stop_loss,0.002,10,stock_peer_groups,retail_consumer,rolling_252,1.0
LOW/TGT,2020-03-03,2020-03-10,long_spread,-2.115767287483551,-3.594970373749278,6,-0.1063003985268119,-0.1080960850722372,stop_loss,0.002,10,stock_peer_groups,retail_consumer,rolling_252,1.0
LOW/TGT,2020-03-11,2020-03-12,long_spread,-1.8657997710477583,-2.2565079832883743,2,-0.0299747177065309,-0.0319437429888244,mean_reversion,0.002,10,stock_peer_groups,retail_consumer,rolling_252,1.0
MRK/ABBV,2020-06-12,2020-06-17,long_spread,-2.0044887616211344,-0.0248248324998783,4,-0.0078325382843585,-0.0098206645919087,mean_reversion,0.002,11,stock_peer_groups,healthcare,kalman,1.0
QQQ/XLK,2020-07-09,2020-07-13,short_spread,2.118266332610923,3.236296497884427,3,-0.0061486099210356,-0.0081378445026928,stop_loss,0.002,12,etf_peer_groups,nasdaq_growth,rolling_252,0.1601724806996751
QQQ/XLK,2020-07-14,2020-08-10,short_spread,2.637107905295686,-1.6139581780736905,20,0.0117055720626984,0.0096852592184784,time_stop,0.002,12,etf_peer_groups,nasdaq_growth,rolling_252,0.1601724806996751
QQQ/XLK,2020-08-11,2020-09-08,long_spread,-1.6797304216076288,-0.4707769438243031,20,0.0031949827803445,0.001189200559871,time_stop,0.002,12,etf_peer_groups,nasdaq_growth,rolling_252,0.1601724806996751
QQQ/XLK,2020-10-01,2020-10-02,long_spread,-1.586888470117647,-0.8915231029399009,2,0.0014935096150185,0.0004944672358033,time_stop,0.001,12,etf_peer_groups,nasdaq_growth,rolling_252,0.1601724806996751
VNQ/IYR,2020-07-30,2020-08-26,long_spread,-2.152552026572561,-0.3786938778361352,20,0.000220189784202,-0.0017799607878736,time_stop,0.002,12,etf_peer_groups,real_estate,rolling_126,0.2667060066298482
VNQ/IYR,2020-09-11,2020-09-22,short_spread,2.568451828450549,-3.348112364664104,8,0.0031783737718253,0.0011730253761887,stop_loss,0.002,12,etf_peer_groups,real_estate,rolling_126,0.2667060066298482
VNQ/IYR,2020-09-23,2020-10-02,long_spread,-2.382926668237664,0.5294166932154254,8,0.0016106003716196,0.0006080877560086,time_stop,0.001,12,etf_peer_groups,real_estate,rolling_126,0.2667060066298482
TLH/GOVT,2020-07-10,2020-08-20,short_spread,2.21252428314372,-1.6238466307590822,30,0.0021647250754175,0.0001619108649588,time_stop,0.002,12,etf_peer_groups,treasuries,static,0.2231215126704767
TLH/GOVT,2020-08-28,2020-10-02,long_spread,-2.2106560573266107,-1.1037663307502126,25,0.0007863224189477,-0.0002150751608028,time_stop,0.001,12,etf_peer_groups,treasuries,static,0.2231215126704767
VEA/IEFA,2020-07-30,2020-09-10,short_spread,2.6317779115295066,-0.0664248916870913,30,-0.0006964130376122,-0.0026938696334209,time_stop,0.002,12,etf_peer_groups,international_equity,kalman,0.35
VEA/IEFA,2020-10-01,2020-10-02,short_spread,2.572225771273094,-0.313512278955172,2,0.0006525439322204,-0.0003478904627856,time_stop,0.001,12,etf_peer_groups,international_equity,kalman,0.35
COST/WMT,2020-11-06,2020-11-10,short_spread,2.105312290764377,-0.4778090023341507,3,0.0251087682519708,0.0230676983963462,mean_reversion,0.002,13,stock_peer_groups,retail_consumer,static,0.1049555828074682
VEA/EEM,2020-10-28,2020-11-11,long_spread,-2.352845377664801,3.423733126216736,11,0.0250238645651088,0.022970315107692,stop_loss,0.002,13,etf_peer_groups,international_equity,kalman,0.1950444171925317
VEA/EEM,2020-11-12,2020-12-24,short_spread,2.419019396444821,0.2034167328571351,30,-0.0057039909782951,-0.0076873192927834,time_stop,0.002,13,etf_peer_groups,international_equity,kalman,0.1950444171925317
VEA/EEM,2021-01-04,2021-01-04,long_spread,-1.881238806914988,-1.3839007372638996,1,0.0001091836104094,-0.0008908163895905,time_stop,0.001,13,etf_peer_groups,international_equity,kalman,0.1950444171925317
QQQ/IYW,2020-10-07,2020-10-27,long_spread,-2.3965797298293987,0.4590112147188366,15,0.0020082057950598,4.971472899129026e-06,mean_reversion,0.002,13,etf_peer_groups,nasdaq_growth,rolling_252,0.35
QQQ/IYW,2020-11-27,2020-12-07,short_spread,2.1569372008869965,0.3905587273094167,7,0.0021220694318773,0.0001187085060423,mean_reversion,0.002,13,etf_peer_groups,nasdaq_growth,rolling_252,0.35
QQQ/IYW,2020-12-22,2020-12-23,long_spread,-2.333062261310765,-3.1776320370223945,2,-0.0031903125943782,-0.0051861222817839,stop_loss,0.002,13,etf_peer_groups,nasdaq_growth,rolling_252,0.35
QQQ/IYW,2020-12-24,2020-12-30,long_spread,-2.272457783222485,-0.0332844615496477,4,0.0047843924696453,0.0027759574220476,mean_reversion,0.002,13,etf_peer_groups,nasdaq_growth,rolling_252,0.35
VNQ/IYR,2020-12-21,2021-01-04,long_spread,-1.786737972141889,0.2360591367960707,9,-0.000465977894182,-0.0014650919654829,time_stop,0.001,13,etf_peer_groups,real_estate,kalman,0.35
BAC/C,2021-01-27,2021-02-05,long_spread,-1.5312558328958006,0.087384487382267,8,0.0169135541490266,0.0148687591259975,mean_reversion,0.002,14,stock_peer_groups,banks,rolling_126,0.1983456425201271
BAC/C,2021-04-06,2021-04-06,short_spread,2.017988913285395,1.784549221996002,1,0.0006032113850855,-0.0003967886149145,time_stop,0.001,14,stock_peer_groups,banks,rolling_126,0.1983456425201271
COST/TGT,2021-01-07,2021-01-27,long_spread,-2.7104264699404936,-0.0978018198387021,14,-0.0083808089704521,-0.0103705662727426,mean_reversion,0.002,14,stock_peer_groups,retail_consumer,rolling_126,0.35
COST/TGT,2021-02-25,2021-03-15,long_spread,-2.233156561985964,-0.240673985584386,13,-0.0139936294562164,-0.0159784846698441,mean_reversion,0.002,14,stock_peer_groups,retail_consumer,rolling_126,0.35
COST/TGT,2021-03-29,2021-04-06,short_spread,2.3233326687640865,1.9101543312867744,6,-0.0237940511077769,-0.0247806605474674,time_stop,0.001,14,stock_peer_groups,retail_consumer,rolling_126,0.35
COP/SLB,2021-01-13,2021-02-10,short_spread,1.911326569020768,1.3032759623617054,20,0.003194605477764,0.0011847749193252,time_stop,0.002,14,stock_peer_groups,energy,static,0.1364897797766075
COP/SLB,2021-02-17,2021-03-16,short_spread,2.1117582987469885,1.361125945570708,20,-0.0791952047285864,-0.0810412227145821,time_stop,0.002,14,stock_peer_groups,energy,static,0.1364897797766075
GOOGL/META,2021-01-08,2021-01-20,short_spread,2.4445039312905146,0.3472115587941812,8,-0.0138149851446071,-0.0157963878293629,mean_reversion,0.002,14,stock_peer_groups,mega_cap_tech,kalman,0.3151645777032653
GOOGL/META,2021-01-28,2021-02-04,long_spread,-2.4089702429214093,3.9776751398904016,6,0.0906728871916064,0.0885155751469168,stop_loss,0.002,14,stock_peer_groups,mega_cap_tech,kalman,0.3151645777032653
GOOGL/META,2021-02-05,2021-02-12,short_spread,1.8052301173790288,-0.3856144786709618,6,-0.0054730889725811,-0.0074697933347811,mean_reversion,0.002,14,stock_peer_groups,mega_cap_tech,kalman,0.3151645777032653
GOOGL/META,2021-03-19,2021-03-24,long_spread,-1.5306682912916088,-0.2354572744504743,4,-0.0096615597927883,-0.0116546635567745,mean_reversion,0.002,14,stock_peer_groups,mega_cap_tech,kalman,0.3151645777032653
GOOGL/META,2021-04-05,2021-04-06,short_spread,1.966736543185484,1.4822110431527171,2,-0.0144664976146969,-0.0154661228292993,time_stop,0.001,14,stock_peer_groups,mega_cap_tech,kalman,0.3151645777032653
VEA/VWO,2021-04-08,2021-05-19,short_spread,1.875916955024598,1.2738065990255447,30,-0.0120083405213468,-0.0139819486612187,time_stop,0.002,15,etf_peer_groups,international_equity,static,0.1715866786415405
VEA/VWO,2021-05-24,2021-07-06,short_spread,1.816344608664317,-0.3976833844862779,30,0.0136108567677708,0.0115854251096823,time_stop,0.002,15,etf_peer_groups,international_equity,static,0.1715866786415405
COST/WMT,2021-04-26,2021-05-21,short_spread,1.8262078420993744,-0.5597157763332667,20,-0.0055456740390188,-0.0075338460697975,time_stop,0.002,15,stock_peer_groups,retail_consumer,rolling_126,0.1284133213584595
COST/WMT,2021-06-01,2021-06-28,long_spread,-2.0569258768914,1.2192341491430267,20,0.0338069930138396,0.0317416899749603,time_stop,0.002,15,stock_peer_groups,retail_consumer,rolling_126,0.1284133213584595
TLT/GOVT,2021-05-12,2021-05-25,long_spread,-2.5073483427145,-0.3113013410620331,10,0.0018003806332669,-0.000202827636847,mean_reversion,0.002,15,etf_peer_groups,treasuries,static,0.35
TLT/GOVT,2021-06-10,2021-06-21,short_spread,2.087111784472497,3.1962752666543004,8,-0.0063919307552637,-0.0083784338742248,stop_loss,0.002,15,etf_peer_groups,treasuries,static,0.35
XOM/CVX,2021-05-07,2021-05-19,short_spread,2.066567904736713,-0.1111133093817559,9,-0.0048059907261126,-0.0067989591168944,mean_reversion,0.002,15,stock_peer_groups,energy,kalman,0.35
XOM/CVX,2021-05-26,2021-05-27,long_spread,-2.0015795414656785,-0.2987678464493145,2,0.0052330296606719,0.0032287966310113,mean_reversion,0.002,15,stock_peer_groups,energy,kalman,0.35
XOM/CVX,2021-06-10,2021-06-14,short_spread,2.153354526692561,-0.1886967718709989,3,0.0047058951354672,0.002699309379309,mean_reversion,0.002,15,stock_peer_groups,energy,kalman,0.35
XOM/CVX,2021-06-23,2021-06-28,short_spread,2.245592399131876,0.2174990629065342,4,-0.0034264213751866,-0.0054231093136798,mean_reversion,0.002,15,stock_peer_groups,energy,kalman,0.35
UNH/ABBV,2021-07-27,2021-07-29,long_spread,-2.416504858597005,-3.159810699676852,3,-0.008584772761114,-0.0105653420085803,stop_loss,0.002,16,stock_peer_groups,healthcare,static,0.3
UNH/ABBV,2021-07-30,2021-08-12,long_spread,-2.173958495017033,0.3541028277495169,10,0.015599494947349,0.0135798478111925,time_stop,0.002,16,stock_peer_groups,healthcare,static,0.3
UNH/ABBV,2021-08-27,2021-09-10,long_spread,-1.9710308984550773,1.8470208711318783,10,0.0510930861965521,0.0489978456855806,time_stop,0.002,16,stock_peer_groups,healthcare,static,0.3
UNH/ABBV,2021-09-14,2021-09-27,short_spread,1.542871393020635,0.1965243781331112,10,0.0076000655892818,0.0055839144472158,time_stop,0.002,16,stock_peer_groups,healthcare,static,0.3
UNH/ABBV,2021-09-30,2021-10-04,long_spread,-2.160264637923225,-2.3174784057524063,3,-0.0170651256002288,-0.018056361574975,time_stop,0.001,16,stock_peer_groups,healthcare,static,0.3
WMT/TGT,2021-08-04,2021-08-05,short_spread,1.778012651264197,-0.4062032331504633,2,0.0038402745555099,0.0018374342809543,mean_reversion,0.002,16,stock_peer_groups,retail_consumer,kalman,0.35
WMT/TGT,2021-08-11,2021-08-19,short_spread,2.9415241287519738,0.0874661205139347,7,-0.0189095193805283,-0.0208784441711963,mean_reversion,0.002,16,stock_peer_groups,retail_consumer,kalman,0.35
WMT/TGT,2021-08-25,2021-09-01,long_spread,-1.9912014312017008,-0.0022223458077827,6,-0.0007259103849882,-0.0027236107627258,mean_reversion,0.002,16,stock_peer_groups,retail_consumer,kalman,0.35
WMT/TGT,2021-10-04,2021-10-04,long_spread,-2.30083911103475,-1.8602062614671429,1,-0.0049331038083427,-0.0059331038083427,time_stop,0.001,16,stock_peer_groups,retail_consumer,kalman,0.35
TLH/TLT,2021-07-22,2021-09-01,short_spread,1.881368723421544,0.5618417355064074,30,-0.000312839319704,-0.0023106962977976,time_stop,0.002,16,etf_peer_groups,treasuries,rolling_126,0.35
TLH/TLT,2021-09-15,2021-10-04,long_spread,-2.4020442886606688,-0.4154690951617394,14,-0.0002714145739233,-0.0012714317621213,time_stop,0.001,16,etf_peer_groups,treasuries,rolling_126,0.35
COST/WMT,2021-10-26,2021-11-17,short_spread,1.5156392274552588,3.1370880603135687,17,-0.0605297422794904,-0.0624065757175532,stop_loss,0.002,17,stock_peer_groups,retail_consumer,kalman,0.2479215724811199
COST/WMT,2021-11-18,2021-12-16,short_spread,1.9221261935464733,0.0858769878651191,20,-0.0279822600853583,-0.0299246802090732,time_stop,0.002,17,stock_peer_groups,retail_consumer,kalman,0.2479215724811199
CVX/COP,2021-10-06,2021-11-16,short_spread,2.4309581490953094,1.6475281456167532,30,-0.0773592483036982,-0.07919657420403,time_stop,0.002,17,stock_peer_groups,energy,rolling_126,0.2172590699081879
CVX/COP,2021-12-10,2022-01-03,short_spread,2.349023623084355,0.2359991575542996,16,0.0016585900225563,0.0006600277848687,time_stop,0.001,17,stock_peer_groups,energy,rolling_126,0.2172590699081879
HD/LOW,2021-11-17,2021-12-08,short_spread,2.0616131103219884,0.3223911307588303,15,-0.0139015401069447,-0.0158747276141851,mean_reversion,0.002,17,stock_peer_groups,retail_consumer,rolling_126,0.1848193576106922
EEM/VWO,2022-01-03,2022-01-03,long_spread,-2.1024588747083683,-2.206256707115234,1,-0.000606001703005,-0.001606001703005,time_stop,0.001,17,etf_peer_groups,international_equity,rolling_126,0.35
ABBV/JNJ,2022-01-18,2022-02-14,short_spread,2.3149967902396376,2.0790565745396776,20,-0.0161242919544842,-0.0180962210454804,time_stop,0.002,18,stock_peer_groups,healthcare,static,0.2549906667149905
ABBV/JNJ,2022-02-15,2022-03-15,short_spread,2.761276736617816,-0.488591631867557,20,0.0059090606110578,0.0039005206298079,time_stop,0.002,18,stock_peer_groups,healthcare,static,0.2549906667149905
COST/WMT,2022-01-06,2022-01-11,long_spread,-2.5937038539100423,-3.2330736895307903,4,-0.0334550809453521,-0.0353861075198478,stop_loss,0.002,18,stock_peer_groups,retail_consumer,kalman,0.2229396294646316
COST/WMT,2022-01-18,2022-01-24,long_spread,-2.141491812766711,-0.4383139862522993,5,-0.0088964654789955,-0.0108863866685261,mean_reversion,0.002,18,stock_peer_groups,retail_consumer,kalman,0.2229396294646316
HD/LOW,2022-01-11,2022-01-28,long_spread,-2.0698826592105326,-0.3381866931803018,13,-0.0047746902183463,-0.0067685989519381,mean_reversion,0.002,18,stock_peer_groups,retail_consumer,rolling_126,0.1720697038203779
HD/LOW,2022-02-25,2022-03-17,long_spread,-2.162862200372989,-0.2735106883802598,15,-0.0103422048176086,-0.0123282817550959,mean_reversion,0.002,18,stock_peer_groups,retail_consumer,rolling_126,0.1720697038203779
HD/LOW,2022-03-28,2022-04-04,short_spread,2.633325516880725,2.226918207430704,6,-0.0147215747614704,-0.0157101076192616,time_stop,0.001,18,stock_peer_groups,retail_consumer,rolling_126,0.1720697038203779
QQQ/XLK,2022-01-28,2022-01-31,long_spread,-2.819881775367786,-3.2622080835436327,2,-0.0062085361127628,-0.00820132757665,stop_loss,0.002,18,etf_peer_groups,nasdaq_growth,static,0.35
QQQ/XLK,2022-02-01,2022-03-01,long_spread,-2.0097047995468733,1.6755903580291989,20,0.0023269446982243,0.0003253933486411,time_stop,0.002,18,etf_peer_groups,nasdaq_growth,static,0.35
QQQ/XLK,2022-03-02,2022-03-29,short_spread,2.6427066438080447,1.6685650440869648,20,-0.0034979635341271,-0.0054875353754951,time_stop,0.002,18,etf_peer_groups,nasdaq_growth,static,0.35
XOM/COP,2022-06-09,2022-06-14,short_spread,2.2949307557725724,0.1125065300136675,4,0.0105593527358467,0.008539411455219,mean_reversion,0.002,19,stock_peer_groups,energy,static,0.5
XOM/COP,2022-06-17,2022-06-22,short_spread,2.014321986787252,3.152291401580733,3,-0.0138109654809581,-0.0157873626586307,stop_loss,0.002,19,stock_peer_groups,energy,static,0.5
XOM/COP,2022-06-27,2022-07-06,short_spread,2.5092031299186326,1.8474398538457468,7,-0.0107083271461778,-0.0117014467782592,time_stop,0.001,19,stock_peer_groups,energy,static,0.5
UNH/ABBV,2022-04-06,2022-05-04,short_spread,1.5759449078722318,-1.3952493307037686,20,0.0036262945207092,0.0016100011601587,time_stop,0.002,19,stock_peer_groups,healthcare,rolling_126,0.5
UNH/ABBV,2022-05-06,2022-06-03,long_spread,-2.037426803068867,0.4805479630782446,20,0.006858170139147,0.0048513140202208,time_stop,0.002,19,stock_peer_groups,healthcare,rolling_126,0.5
UNH/ABBV,2022-06-17,2022-07-06,long_spread,-1.6722134385405398,1.5219352113131543,12,0.0576870942272012,0.0566247390694025,time_stop,0.001,19,stock_peer_groups,healthcare,rolling_126,0.5
GS/WFC,2022-07-19,2022-08-01,short_spread,1.6807719978068183,2.3871485667295262,10,-0.0409629695794269,-0.0428997827031381,time_stop,0.002,20,stock_peer_groups,banks,rolling_252,0.3
GS/WFC,2022-08-02,2022-08-15,short_spread,2.278191133588773,1.92967667848246,10,-0.0160128401194975,-0.0179777895666203,time_stop,0.002,20,stock_peer_groups,banks,rolling_252,0.3
GS/WFC,2022-08-16,2022-08-29,short_spread,1.976670196676337,1.1148518784768862,10,0.0200793230328213,0.0180443493711814,time_stop,0.002,20,stock_peer_groups,banks,rolling_252,0.3
ABBV/JNJ,2022-08-12,2022-08-17,short_spread,1.8022196062647349,0.1868631997823887,4,-0.0007065450192718,-0.0027110671406822,mean_reversion,0.002,20,stock_peer_groups,healthcare,kalman,0.35
QQQ/VGT,2022-07-21,2022-08-17,long_spread,-2.023273898719455,-0.9498732121231104,20,-0.0046122507337439,-0.0066024534784047,time_stop,0.002,20,etf_peer_groups,nasdaq_growth,rolling_126,0.35
QQQ/VGT,2022-09-01,2022-09-02,short_spread,2.459533779031461,3.607997880591996,2,-0.0047107280089713,-0.0067050172809624,stop_loss,0.002,20,etf_peer_groups,nasdaq_growth,rolling_126,0.35
QQQ/VGT,2022-09-06,2022-10-03,short_spread,2.697378725510985,0.8670314056911779,20,-0.0055885554524091,-0.0075766137982303,time_stop,0.002,20,etf_peer_groups,nasdaq_growth,rolling_126,0.35
GS/WFC,2022-10-24,2022-11-04,short_spread,2.9010831573705973,1.2792957856835467,10,-0.0340268108154895,-0.0359612869011646,time_stop,0.002,21,stock_peer_groups,banks,kalman,0.5
GS/WFC,2022-11-14,2022-11-28,short_spread,2.059128295745664,-0.1295904817615749,10,-0.0065489627278944,-0.008536198381048,time_stop,0.002,21,stock_peer_groups,banks,kalman,0.5
GS/WFC,2022-12-16,2022-12-30,long_spread,-2.2597172404942203,-0.8162074113264456,10,-0.0106874105052922,-0.0126691999917682,time_stop,0.002,21,stock_peer_groups,banks,kalman,0.5
QQQ/VGT,2022-10-28,2022-12-09,long_spread,-2.9642297864752,-0.6600884821093693,30,-0.0044239185419531,-0.0064178240370535,time_stop,0.002,21,etf_peer_groups,nasdaq_growth,static,0.5
QQQ/VGT,2022-12-13,2023-01-04,long_spread,-3.011622429633716,-0.92907591574576,15,-0.0003996357753046,-0.0013994849629878,time_stop,0.001,21,etf_peer_groups,nasdaq_growth,static,0.5
MSFT/GOOGL,2023-01-06,2023-02-03,long_spread,-2.524829319777655,-0.2197525248250283,20,0.0240903387188595,0.022045444327845,time_stop,0.002,22,stock_peer_groups,mega_cap_tech,rolling_252,1.0
MSFT/GOOGL,2023-02-09,2023-03-09,short_spread,1.693966130396758,0.1562684990502992,20,0.0092706311741457,0.007243895118598,time_stop,0.002,22,stock_peer_groups,mega_cap_tech,rolling_252,1.0
MSFT/GOOGL,2023-03-31,2023-04-05,short_spread,1.934296571752484,0.895727106714611,4,0.0114786250143457,0.0104670611000288,time_stop,0.001,22,stock_peer_groups,mega_cap_tech,rolling_252,1.0
MSFT/GOOGL,2023-04-17,2023-05-12,long_spread,-2.012835922087432,-3.306043173434826,20,0.0023906937425381,0.0004037665201661,stop_loss,0.002,23,stock_peer_groups,mega_cap_tech,rolling_126,0.5
MSFT/GOOGL,2023-05-16,2023-06-13,long_spread,-2.3929785005678803,-0.3240380992744163,20,0.0053776551718185,0.00335813998025,time_stop,0.002,23,stock_peer_groups,mega_cap_tech,rolling_126,0.5
MS/WFC,2023-04-10,2023-04-21,long_spread,-2.2375511107770567,-0.746031022335978,10,0.0204814962066171,0.0184336456895533,time_stop,0.002,23,stock_peer_groups,banks,rolling_126,0.5
MS/WFC,2023-05-17,2023-05-31,long_spread,-2.088407602026623,-1.0951989001593745,10,-0.010895234638644,-0.0128748995685077,time_stop,0.002,23,stock_peer_groups,banks,rolling_126,0.5
MS/WFC,2023-07-07,2023-07-07,long_spread,-2.3528436736929184,-2.182329190776152,1,0.0013283454522137,0.0003283454522136,time_stop,0.001,23,stock_peer_groups,banks,rolling_126,0.5
ABBV/JNJ,2023-07-28,2023-08-04,short_spread,2.851237032401684,-0.0515248234455314,6,-0.0081123291793918,-0.0101009911812316,mean_reversion,0.002,24,stock_peer_groups,healthcare,kalman,0.5
ABBV/JNJ,2023-10-02,2023-10-05,long_spread,-1.9004059790779144,-1.7522098520616305,4,-0.0100082765468704,-0.0109997958828506,time_stop,0.001,24,stock_peer_groups,healthcare,kalman,0.5
SHY/IEI,2023-07-11,2023-07-14,short_spread,2.2429781719473034,0.347853506325649,4,0.0011047566455739,-0.0008962802079163,mean_reversion,0.002,24,etf_peer_groups,treasuries,rolling_126,0.5
SHY/IEI,2023-08-04,2023-08-28,short_spread,2.46254100109916,0.4541211742728436,17,-0.001205152721701,-0.0032008555885241,mean_reversion,0.002,24,etf_peer_groups,treasuries,rolling_126,0.5
SHY/IEI,2023-09-21,2023-09-29,long_spread,-2.0482270587535507,-0.3090895492126045,7,0.0022368656779101,0.0002342564398416,mean_reversion,0.002,24,etf_peer_groups,treasuries,rolling_126,0.5
EEM/VWO,2023-10-18,2023-10-19,short_spread,2.0114362952465017,3.7555836251464414,2,-0.0021747016502178,-0.0041715269485675,stop_loss,0.002,25,etf_peer_groups,international_equity,static,0.5
EEM/VWO,2023-10-20,2023-10-23,short_spread,2.8151175443383423,3.3560532705873576,2,-0.0011902193822098,-0.0031880291628276,stop_loss,0.002,25,etf_peer_groups,international_equity,static,0.5
EEM/VWO,2023-10-25,2023-11-21,short_spread,2.4432064497259103,-1.0010323822951774,20,0.0047340538796112,0.0027255914620589,time_stop,0.002,25,etf_peer_groups,international_equity,static,0.5
EEM/VWO,2023-12-06,2024-01-04,long_spread,-2.021850056297159,-1.368226309222656,20,-0.0006621939498342,-0.0026597610651676,time_stop,0.002,25,etf_peer_groups,international_equity,static,0.5
IEF/TLH,2023-10-09,2023-11-17,short_spread,2.614594679837659,0.9963513259390532,30,0.0002378263954483,-0.0017630173448213,time_stop,0.002,25,etf_peer_groups,treasuries,static,0.5
UNH/ABBV,2024-01-16,2024-02-27,long_spread,-2.100586187013709,-0.1097558361191241,30,-0.0122030404165588,-0.0141800170074761,time_stop,0.002,26,stock_peer_groups,healthcare,rolling_252,0.3
UNH/ABBV,2024-03-01,2024-04-08,long_spread,-2.015336536158641,-1.5694118633434515,26,-0.0641915624837426,-0.0651365151967804,time_stop,0.001,26,stock_peer_groups,healthcare,rolling_252,0.3
GOOGL/AMZN,2024-01-22,2024-02-05,short_spread,1.7220074420807756,-3.259641647469936,11,0.0610301842137765,0.058909016393281,stop_loss,0.002,26,stock_peer_groups,mega_cap_tech,rolling_252,0.35
GOOGL/AMZN,2024-02-06,2024-03-05,long_spread,-2.191889653634876,-2.3978270156237,20,-0.0592622488416475,-0.0611384316732465,time_stop,0.002,26,stock_peer_groups,mega_cap_tech,rolling_252,0.35
GOOGL/AMZN,2024-03-06,2024-03-12,long_spread,-1.747146939458533,0.494761433662386,5,0.0276076835659599,0.0255490074330719,mean_reversion,0.002,26,stock_peer_groups,mega_cap_tech,rolling_252,0.35
GOOGL/AMZN,2024-03-19,2024-04-08,short_spread,2.59677438026856,0.8919748563225868,14,-0.0099464536475716,-0.0109308232904342,time_stop,0.001,26,stock_peer_groups,mega_cap_tech,rolling_252,0.35
GS/MS,2024-01-19,2024-02-15,short_spread,3.3136192472431705,1.157552047329937,20,0.0031080745610734,0.0011035561080181,time_stop,0.002,26,stock_peer_groups,banks,static,0.35
GS/MS,2024-02-29,2024-03-27,short_spread,1.5064069030088534,0.5616933818594176,20,0.0109183190241777,0.0089030078044862,time_stop,0.002,26,stock_peer_groups,banks,static,0.35
AAPL/MSFT,2024-04-12,2024-04-18,short_spread,1.874659392681076,0.3201654935855342,5,0.030657186151825,0.0285871499551615,mean_reversion,0.002,27,stock_peer_groups,mega_cap_tech,rolling_252,0.35
AAPL/MSFT,2024-04-30,2024-05-06,short_spread,2.4713459116532626,3.8061621540839976,5,-0.0563995707403918,-0.058271065844989,stop_loss,0.002,27,stock_peer_groups,mega_cap_tech,rolling_252,0.35
AAPL/MSFT,2024-05-08,2024-06-05,short_spread,2.806005123010839,1.4092833060916987,20,-0.0636698943326933,-0.0655432960569391,time_stop,0.002,27,stock_peer_groups,mega_cap_tech,rolling_252,0.35
AAPL/MSFT,2024-06-12,2024-06-13,short_spread,2.00150773353769,2.238164376719884,2,-0.0274648692339208,-0.0294364043646869,mean_reversion,0.002,27,stock_peer_groups,mega_cap_tech,rolling_252,0.35
INTC/MU,2024-07-08,2024-07-09,short_spread,2.249366494558716,3.73308639687874,2,-0.0465358627174153,-0.0484883268546979,stop_loss,0.002,27,stock_peer_groups,semiconductors,kalman,0.3
IEF/TLT,2024-04-11,2024-04-24,long_spread,-2.198333453990919,-1.1234675701811696,10,0.0023030589296608,0.0002997469909287,time_stop,0.002,27,etf_peer_groups,treasuries,rolling_252,0.35
IEF/TLT,2024-06-13,2024-06-27,short_spread,1.8757249081378384,0.8062897537764687,10,0.0004231629598849,-0.0015773286297996,time_stop,0.002,27,etf_peer_groups,treasuries,rolling_252,0.35
IEF/TLT,2024-07-05,2024-07-09,short_spread,1.882530831328037,2.019225556883405,3,-0.0013806096686517,-0.0023806657534138,time_stop,0.001,27,etf_peer_groups,treasuries,rolling_252,0.35
AAPL/MSFT,2024-08-07,2024-08-08,long_spread,-2.291340413340897,-0.3958665810413727,2,0.0084168482147628,0.0064094313665481,mean_reversion,0.002,28,stock_peer_groups,mega_cap_tech,kalman,0.5
AAPL/MSFT,2024-09-04,2024-09-06,long_spread,-1.8529701046311395,-0.4115935742340517,3,0.0001238222331738,-0.0018797807077727,mean_reversion,0.002,28,stock_peer_groups,mega_cap_tech,kalman,0.5
AAPL/MSFT,2024-09-11,2024-09-24,long_spread,-2.0236449370436684,0.4111982505084297,10,-0.0029567569110962,-0.0049523934790056,mean_reversion,0.002,28,stock_peer_groups,mega_cap_tech,kalman,0.5
IEF/TLT,2024-07-12,2024-08-22,short_spread,2.4496380085640217,1.3230451601481308,30,-0.0098867332486443,-0.0118663722255777,time_stop,0.002,28,etf_peer_groups,treasuries,static,0.5
MSFT/META,2024-10-09,2024-11-19,long_spread,-2.271287255641085,0.4503482577455447,30,0.022480694490053,0.0204426908653294,time_stop,0.002,29,stock_peer_groups,mega_cap_tech,static,0.35
MSFT/META,2024-12-06,2024-12-31,short_spread,2.041863808047387,-1.2080108671118064,17,0.0223519913102339,0.0213355585381902,time_stop,0.001,29,stock_peer_groups,mega_cap_tech,static,0.35
WMT/LOW,2024-10-09,2024-10-23,long_spread,-1.944687311217384,-0.418326201716751,11,0.0150062564041553,0.0129738872665727,mean_reversion,0.002,29,stock_peer_groups,retail_consumer,rolling_126,0.3
QQQ/XLK,2024-10-09,2024-10-31,long_spread,-1.5984394269363786,-0.114091580229029,17,0.0033058502953622,0.0012985904491809,mean_reversion,0.002,29,etf_peer_groups,nasdaq_growth,rolling_252,0.35
QQQ/XLK,2024-12-11,2024-12-23,short_spread,2.57903084715333,0.4577900495205138,9,0.0017024084782686,-0.0003013796178213,mean_reversion,0.002,29,etf_peer_groups,nasdaq_growth,rolling_252,0.35
